0.484249,,,,,,,,,,,,,
0.450794,,,,,,,,,,,,,
0.544078,,,,,,,,,,,,,
0.581929,,,,,,,,,,,,,
0.615629,,,,,,,,,,,,,
0.596093,,,,,,,,,,,,,
0.483028,,,,,,,,,,,,,
0.367277,,,,,,,,,,,,,
0.336508,,,,,,,,,,,,,
0.403419,,,,,,,,,,,,,
0.512821,,,,,,,,,,,,,
0.556777,,,,,,,,,,,,,
0.548474,,,,,,,,,,,,,
0.613675,,,,,,,,,,,,,
0.727717,,,,,,,,,,,,,
0.766789,,,,,,,,,,,,,
0.67619,,,,,,,,,,,,,
0.572161,,,,,,,,,,,,,
0.473749,,,,,,,,,,,,,
0.517216,,,,,,,,,,,,,
0.6,,,,,,,,,,,,,
0.633211,,,,,,,,,,,,,
0.638828,,,,,,,,,,,,,
0.55873,,,,,,,,,,,,,
0.423443,,,,,,,,,,,,,
0.389988,,,,,,,,,,,,,
0.482296,,,,,,,,,,,,,
0.609768,,,,,,,,,,,,,
0.591941,,,,,,,,,,,,,
0.647375,,,,,,,,,,,,,
0.705739,,,,,,,,,,,,,
0.651038,,,,,,,,,,,,,
0.601221,,,,,,,,,,,,,
0.554335,,,,,,,,,,,,,
0.488889,,,,,,,,,,,,,
0.414652,,,,,,,,,,,,,
0.374603,,,,,,,,,,,,,
0.479609,,,,,,,,,,,,,
0.491575,,,,,,,,,,,,,
0.391697,,,,,,,,,,,,,
0.358242,,,,,,,,,,,,,
0.39072,,,,,,,,,,,,,
0.383639,,,,,,,,,,,,,
0.262759,,,,,,,,,,,,,
0.277167,,,,,,,,,,,,,
0.41514,,,,,,,,,,,,,
0.460317,,,,,,,,,,,,,
0.413675,,,,,,,,,,,,,
0.471307,,,,,,,,,,,,,
0.500855,,,,,,,,,,,,,
0.457875,,,,,,,,,,,,,
0.377534,,,,,,,,,,,,,
0.332601,,,,,,,,,,,,,
0.349939,,,,,,,,,,,,,
0.316728,,,,,,,,,,,,,
0.305495,,,,,,,,,,,,,
0.374359,,,,,,,,,,,,,
0.446398,,,,,,,,,,,,,
0.504518,,,,,,,,,,,,,
0.523565,,,,,,,,,,,,,
0.568498,,,,,,,,,,,,,
0.540171,,,,,,,,,,,,,
0.388034,,,,,,,,,,,,,
0.410989,,,,,,,,,,,,,
0.461294,,,,,,,,,,,,,
0.495238,,,,,,,,,,,,,
0.614408,,,,,,,,,,,,,
0.757998,,,,,,,,,,,,,
0.689377,,,,,,,,,,,,,
0.550916,,,,,,,,,,,,,
0.349206,,,,,,,,,,,,,
0.32967,,,,,,,,,,,,,
0.413187,,,,,,,,,,,,,
0.527473,,,,,,,,,,,,,
0.61685,,,,,,,,,,,,,
0.684738,,,,,,,,,,,,,
0.658364,,,,,,,,,,,,,
0.685226,,,,,,,,,,,,,
0.661783,,,,,,,,,,,,,
0.489377,,,,,,,,,,,,,
0.42442,,,,,,,,,,,,,
0.418803,,,,,,,,,,,,,
0.38022,,,,,,,,,,,,,
0.463004,,,,,,,,,,,,,
0.561905,,,,,,,,,,,,,
0.668376,,,,,,,,,,,,,
0.674237,,,,,,,,,,,,,
0.625641,,,,,,,,,,,,,
0.526007,,,,,,,,,,,,,
0.476679,,,,,,,,,,,,,
0.415629,,,,,,,,,,,,,
0.48254,,,,,,,,,,,,,
0.531868,,,,,,,,,,,,,
0.531868,,,,,,,,,,,,,
0.504029,,,,,,,,,,,,,
0.463004,,,,,,,,,,,,,
0.354335,,,,,,,,,,,,,
0.297192,,,,,,,,,,,,,
0.242491,,,,,,,,,,,,,
0.134554,,,,,,,,,,,,,
0.222955,,,,,,,,,,,,,
0.388523,,,,,,,,,,,,,
0.564591,,,,,,,,,,,,,
0.566545,,,,,,,,,,,,,
0.528938,,,,,,,,,,,,,
0.491331,,,,,,,,,,,,,
0.509646,,,,,,,,,,,,,
0.620269,,,,,,,,,,,,,
0.677656,,,,,,,,,,,,,
0.720391,,,,,,,,,,,,,
0.562637,,,,,,,,,,,,,
0.452259,,,,,,,,,,,,,
0.493285,,,,,,,,,,,,,
0.627106,,,,,,,,,,,,,
0.821978,,,,,,,,,,,,,
0.787302,,,,,,,,,,,,,
0.573871,,,,,,,,,,,,,
0.411233,,,,,,,,,,,,,
0.411233,,,,,,,,,,,,,
0.460317,,,,,,,,,,,,,
0.556777,,,,,,,,,,,,,
0.585104,,,,,,,,,,,,,
0.438828,,,,,,,,,,,,,
0.273748,,,,,,,,,,,,,
0.414164,,,,,,,,,,,,,
0.530403,,,,,,,,,,,,,
0.625153,,,,,,,,,,,,,
0.530159,,,,,,,,,,,,,
0.379243,,,,,,,,,,,,,
0.223932,,,,,,,,,,,,,
0.356777,,,,,,,,,,,,,
0.61514,,,,,,,,,,,,,
0.829304,,,,,,,,,,,,,
0.829304,,,,,,,,,,,,,
0.667399,,,,,,,,,,,,,
0.482784,,,,,,,,,,,,,
0.452503,,,,,,,,,,,,,
0.507692,,,,,,,,,,,,,
0.347009,,,,,,,,,,,,,
0.16801,,,,,,,,,,,,,
0.208547,,,,,,,,,,,,,
0.296215,,,,,,,,,,,,,
0.384127,,,,,,,,,,,,,
0.421978,,,,,,,,,,,,,
0.442002,,,,,,,,,,,,,
0.425397,,,,,,,,,,,,,
0.377534,,,,,,,,,,,,,
0.379976,,,,,,,,,,,,,
0.463004,,,,,,,,,,,,,
0.520879,,,,,,,,,,,,,
0.439805,,,,,,,,,,,,,
0.365324,,,,,,,,,,,,,
0.374115,,,,,,,,,,,,,
0.328205,,,,,,,,,,,,,
0.348962,,,,,,,,,,,,,
0.411233,,,,,,,,,,,,,
0.426862,,,,,,,,,,,,,
0.385104,,,,,,,,,,,,,
0.31746,,,,,,,,,,,,,
0.212454,,,,,,,,,,,,,
0.12674,,,,,,,,,,,,,
0.131624,,,,,,,,,,,,,
0.156532,,,,,,,,,,,,,
0.172894,,,,,,,,,,,,,
0.236874,,,,,,,,,,,,,
0.316239,,,,,,,,,,,,,
0.449573,,,,,,,,,,,,,
0.53138,,,,,,,,,,,,,
0.593407,,,,,,,,,,,,,
0.510867,,,,,,,,,,,,,
0.379487,,,,,,,,,,,,,
0.396825,,,,,,,,,,,,,
0.441758,,,,,,,,,,,,,
0.423443,,,,,,,,,,,,,
0.466911,,,,,,,,,,,,,
0.583883,,,,,,,,,,,,,
0.65348,,,,,,,,,,,,,
0.685714,,,,,,,,,,,,,
0.600244,,,,,,,,,,,,,
0.562149,,,,,,,,,,,,,
0.629792,,,,,,,,,,,,,
0.663248,,,,,,,,,,,,,
0.691575,,,,,,,,,,,,,
0.808303,,,,,,,,,,,,,
0.921856,,,,,,,,,,,,,
0.852015,,,,,,,,,,,,,
0.804396,,,,,,,,,,,,,
0.600488,,,,,,,,,,,,,
0.447863,,,,,,,,,,,,,
0.446642,,,,,,,,,,,,,
0.56801,,,,,,,,,,,,,
0.664225,,,,,,,,,,,,,
0.669109,,,,,,,,,,,,,
0.587302,,,,,,,,,,,,,
0.462027,,,,,,,,,,,,,
0.435653,,,,,,,,,,,,,
0.44591,,,,,,,,,,,,,
0.486691,,,,,,,,,,,,,
0.616606,,,,,,,,,,,,,
0.718437,,,,,,,,,,,,,
0.691575,,,,,,,,,,,,,
0.688889,,,,,,,,,,,,,
0.770208,,,,,,,,,,,,,
0.792186,,,,,,,,,,,,,
0.778022,,,,,,,,,,,,,
0.851282,,,,,,,,,,,,,
0.762882,,,,,,,,,,,,,
0.647863,,,,,,,,,,,,,
0.690598,,,,,,,,,,,,,
0.731136,,,,,,,,,,,,,
0.786569,,,,,,,,,,,,,
0.817582,,,,,,,,,,,,,
0.766545,,,,,,,,,,,,,
0.799512,,,,,,,,,,,,,
0.788278,,,,,,,,,,,,,
0.618559,,,,,,,,,,,,,
0.423199,,,,,,,,,,,,,
0.287179,,,,,,,,,,,,,
0.239072,,,,,,,,,,,,,
0.361661,,,,,,,,,,,,,
0.498657,,,,,,,,,,,,,
0.500122,,,,,,,,,,,,,
0.469353,,,,,,,,,,,,,
0.399267,,,,,,,,,,,,,
0.286691,,,,,,,,,,,,,
0.243712,,,,,,,,,,,,,
0.346032,,,,,,,,,,,,,
0.394872,,,,,,,,,,,,,
0.389255,,,,,,,,,,,,,
0.462759,,,,,,,,,,,,,
0.560195,,,,,,,,,,,,,
0.603907,,,,,,,,,,,,,
0.635897,,,,,,,,,,,,,
0.671306,,,,,,,,,,,,,
0.688645,,,,,,,,,,,,,
0.637851,,,,,,,,,,,,,
0.557265,,,,,,,,,,,,,
0.505495,,,,,,,,,,,,,
0.428571,,,,,,,,,,,,,
0.365812,,,,,,,,,,,,,
0.498657,,,,,,,,,,,,,
0.642247,,,,,,,,,,,,,
0.643223,,,,,,,,,,,,,
0.575336,,,,,,,,,,,,,
0.486935,,,,,,,,,,,,,
0.512332,,,,,,,,,,,,,
0.452503,,,,,,,,,,,,,
0.373871,,,,,,,,,,,,,
0.436874,,,,,,,,,,,,,
0.541392,,,,,,,,,,,,,
0.58315,,,,,,,,,,,,,
0.621001,,,,,,,,,,,,,
0.620024,,,,,,,,,,,,,
0.588523,,,,,,,,,,,,,
0.466667,,,,,,,,,,,,,
0.333089,,,,,,,,,,,,,
0.313797,,,,,,,,,,,,,
0.381685,,,,,,,,,,,,,
0.389499,,,,,,,,,,,,,
0.404151,,,,,,,,,,,,,
0.402442,,,,,,,,,,,,,
0.39072,,,,,,,,,,,,,
0.480098,,,,,,,,,,,,,
0.577778,,,,,,,,,,,,,
0.458364,,,,,,,,,,,,,
0.321856,,,,,,,,,,,,,
0.308913,,,,,,,,,,,,,
0.469841,,,,,,,,,,,,,
0.599756,,,,,,,,,,,,,
0.632479,,,,,,,,,,,,,
0.630037,,,,,,,,,,,,,
0.643223,,,,,,,,,,,,,
0.623932,,,,,,,,,,,,,
0.497924,,,,,,,,,,,,,
0.461538,,,,,,,,,,,,,
0.438584,,,,,,,,,,,,,
0.413919,,,,,,,,,,,,,
0.395849,,,,,,,,,,,,,
0.48547,,,,,,,,,,,,,
0.400488,,,,,,,,,,,,,
0.431258,,,,,,,,,,,,,
0.520635,,,,,,,,,,,,,
0.637851,,,,,,,,,,,,,
0.670085,,,,,,,,,,,,,
0.648352,,,,,,,,,,,,,
0.509402,,,,,,,,,,,,,
0.299634,,,,,,,,,,,,,
0.14652,,,,,,,,,,,,,
0.227106,,,,,,,,,,,,,
0.351893,,,,,,,,,,,,,
0.461538,,,,,,,,,,,,,
0.463004,,,,,,,,,,,,,
0.500611,,,,,,,,,,,,,
0.551648,,,,,,,,,,,,,
0.539194,,,,,,,,,,,,,
0.621245,,,,,,,,,,,,,
0.693773,,,,,,,,,,,,,
0.70232,,,,,,,,,,,,,
0.582662,,,,,,,,,,,,,
0.588523,,,,,,,,,,,,,
0.611477,,,,,,,,,,,,,
0.586081,,,,,,,,,,,,,
0.517705,,,,,,,,,,,,,
0.454945,,,,,,,,,,,,,
0.507448,,,,,,,,,,,,,
0.583883,,,,,,,,,,,,,
0.771673,,,,,,,,,,,,,
0.854945,,,,,,,,,,,,,
0.816606,,,,,,,,,,,,,
0.669353,,,,,,,,,,,,,
0.611966,,,,,,,,,,,,,
0.7116,,,,,,,,,,,,,
0.849329,,,,,,,,,,,,,
0.77851,,,,,,,,,,,,,
0.601709,,,,,,,,,,,,,
0.534066,,,,,,,,,,,,,
0.508425,,,,,,,,,,,,,
0.530647,,,,,,,,,,,,,
0.545543,,,,,,,,,,,,,
0.486203,,,,,,,,,,,,,
0.453968,,,,,,,,,,,,,
0.399267,,,,,,,,,,,,,
0.337729,,,,,,,,,,,,,
0.419536,,,,,,,,,,,,,
0.446398,,,,,,,,,,,,,
0.403175,,,,,,,,,,,,,
0.42442,,,,,,,,,,,,,
0.479121,,,,,,,,,,,,,
0.445421,,,,,,,,,,,,,
0.430281,,,,,,,,,,,,,
0.52674,,,,,,,,,,,,,
0.502564,,,,,,,,,,,,,
0.471062,,,,,,,,,,,,,
0.572161,,,,,,,,,,,,,
0.60757,,,,,,,,,,,,,
0.55873,,,,,,,,,,,,,
0.583394,,,,,,,,,,,,,
0.609035,,,,,,,,,,,,,
0.579243,,,,,,,,,,,,,
0.531868,,,,,,,,,,,,,
0.53431,,,,,,,,,,,,,
0.4442,,,,,,,,,,,,,
0.329426,,,,,,,,,,,,,
0.265201,,,,,,,,,,,,,
0.253968,,,,,,,,,,,,,
0.30696,,,,,,,,,,,,,
0.381929,,,,,,,,,,,,,
0.466667,,,,,,,,,,,,,
0.399756,,,,,,,,,,,,,
0.413919,,,,,,,,,,,,,
0.608059,,,,,,,,,,,,,
0.699878,,,,,,,,,,,,,
0.752137,,,,,,,,,,,,,
0.706716,,,,,,,,,,,,,
0.637118,,,,,,,,,,,,,
0.635653,,,,,,,,,,,,,
0.678388,,,,,,,,,,,,,
0.634432,,,,,,,,,,,,,
0.605617,,,,,,,,,,,,,
0.618559,,,,,,,,,,,,,
0.571184,,,,,,,,,,,,,
0.576801,,,,,,,,,,,,,
0.621245,,,,,,,,,,,,,
0.530403,,,,,,,,,,,,,
0.490598,,,,,,,,,,,,,
0.530403,,,,,,,,,,,,,
0.626129,,,,,,,,,,,,,
0.716728,,,,,,,,,,,,,
0.717705,,,,,,,,,,,,,
0.644689,,,,,,,,,,,,,
0.630037,,,,,,,,,,,,,
0.569231,,,,,,,,,,,,,
0.403175,,,,,,,,,,,,,
0.399267,,,,,,,,,,,,,
0.499145,,,,,,,,,,,,,
0.547253,,,,,,,,,,,,,
0.505495,,,,,,,,,,,,,
0.421978,,,,,,,,,,,,,
0.395849,,,,,,,,,,,,,
0.460317,,,,,,,,,,,,,
0.497192,,,,,,,,,,,,,
0.536508,,,,,,,,,,,,,
0.498169,,,,,,,,,,,,,
0.421978,,,,,,,,,,,,,
0.404884,,,,,,,,,,,,,
0.469841,,,,,,,,,,,,,
0.606105,,,,,,,,,,,,,
0.56337,,,,,,,,,,,,,
0.358242,,,,,,,,,,,,,
0.306471,,,,,,,,,,,,,
0.310379,,,,,,,,,,,,,
0.311111,,,,,,,,,,,,,
0.424664,,,,,,,,,,,,,
0.546276,,,,,,,,,,,,,
0.535287,,,,,,,,,,,,,
0.452259,,,,,,,,,,,,,
0.413919,,,,,,,,,,,,,
0.408547,,,,,,,,,,,,,
0.541148,,,,,,,,,,,,,
0.625397,,,,,,,,,,,,,
0.598535,,,,,,,,,,,,,
0.454945,,,,,,,,,,,,,
0.283516,,,,,,,,,,,,,
0.189988,,,,,,,,,,,,,
0.315018,,,,,,,,,,,,,
0.465446,,,,,,,,,,,,,
0.413187,,,,,,,,,,,,,
0.298169,,,,,,,,,,,,,
0.105006,,,,,,,,,,,,,
0.043956,,,,,,,,,,,,,
0.256899,,,,,,,,,,,,,
0.5558,,,,,,,,,,,,,
0.826129,,,,,,,,,,,,,
0.799756,,,,,,,,,,,,,
0.647863,,,,,,,,,,,,,
0.515751,,,,,,,,,,,,,
0.487424,,,,,,,,,,,,,
0.539194,,,,,,,,,,,,,
0.628083,,,,,,,,,,,,,
0.527473,,,,,,,,,,,,,
0.399512,,,,,,,,,,,,,
0.45641,,,,,,,,,,,,,
0.568498,,,,,,,,,,,,,
0.740171,,,,,,,,,,,,,
0.876191,,,,,,,,,,,,,
0.859829,,,,,,,,,,,,,
0.674481,,,,,,,,,,,,,
0.56801,,,,,,,,,,,,,
0.692064,,,,,,,,,,,,,
0.78315,,,,,,,,,,,,,
0.720391,,,,,,,,,,,,,
0.591697,,,,,,,,,,,,,
0.42735,,,,,,,,,,,,,
0.374359,,,,,,,,,,,,,
0.484738,,,,,,,,,,,,,
0.726496,,,,,,,,,,,,,
0.755067,,,,,,,,,,,,,
0.626618,,,,,,,,,,,,,
0.339194,,,,,,,,,,,,,
0.161416,,,,,,,,,,,,,
0.301832,,,,,,,,,,,,,
0.444689,,,,,,,,,,,,,
0.481075,,,,,,,,,,,,,
0.56801,,,,,,,,,,,,,
0.542125,,,,,,,,,,,,,
0.402686,,,,,,,,,,,,,
0.393407,,,,,,,,,,,,,
0.523077,,,,,,,,,,,,,
0.573382,,,,,,,,,,,,,
0.520635,,,,,,,,,,,,,
0.545543,,,,,,,,,,,,,
0.651038,,,,,,,,,,,,,
0.766056,,,,,,,,,,,,,
0.851282,,,,,,,,,,,,,
0.744078,,,,,,,,,,,,,
0.581441,,,,,,,,,,,,,
0.339438,,,,,,,,,,,,,
0.164835,,,,,,,,,,,,,
0.05812,,,,,,,,,,,,,
0.081563,,,,,,,,,,,,,
0.237607,,,,,,,,,,,,,
0.356044,,,,,,,,,,,,,
0.398535,,,,,,,,,,,,,
0.348962,,,,,,,,,,,,,
0.286691,,,,,,,,,,,,,
0.224908,,,,,,,,,,,,,
0.239316,,,,,,,,,,,,,
0.228327,,,,,,,,,,,,,
0.263248,,,,,,,,,,,,,
0.300366,,,,,,,,,,,,,
0.30232,,,,,,,,,,,,,
0.438828,,,,,,,,,,,,,
0.532357,,,,,,,,,,,,,
0.501587,,,,,,,,,,,,,
0.36801,,,,,,,,,,,,,
0.334799,,,,,,,,,,,,,
0.328205,,,,,,,,,,,,,
0.314774,,,,,,,,,,,,,
0.37265,,,,,,,,,,,,,
0.5558,,,,,,,,,,,,,
0.636386,,,,,,,,,,,,,
0.659341,,,,,,,,,,,,,
0.762393,,,,,,,,,,,,,
0.717216,,,,,,,,,,,,,
0.487668,,,,,,,,,,,,,
0.301099,,,,,,,,,,,,,
0.273748,,,,,,,,,,,,,
0.362882,,,,,,,,,,,,,
0.391697,,,,,,,,,,,,,
0.428816,,,,,,,,,,,,,
0.541636,,,,,,,,,,,,,
0.490598,,,,,,,,,,,,,
0.406838,,,,,,,,,,,,,
0.404884,,,,,,,,,,,,,
0.570452,,,,,,,,,,,,,
0.73895,,,,,,,,,,,,,
0.64884,,,,,,,,,,,,,
0.495971,,,,,,,,,,,,,
0.500122,,,,,,,,,,,,,
0.544811,,,,,,,,,,,,,
0.553602,,,,,,,,,,,,,
0.536264,,,,,,,,,,,,,
0.475702,,,,,,,,,,,,,
0.241514,,,,,,,,,,,,,
0.147009,,,,,,,,,,,,,
0.342613,,,,,,,,,,,,,
0.596337,,,,,,,,,,,,,
0.706471,,,,,,,,,,,,,
0.572894,,,,,,,,,,,,,
0.466911,,,,,,,,,,,,,
0.342613,,,,,,,,,,,,,
0.430281,,,,,,,,,,,,,
0.659096,,,,,,,,,,,,,
0.811722,,,,,,,,,,,,,
0.676435,,,,,,,,,,,,,
0.571673,,,,,,,,,,,,,
0.547497,,,,,,,,,,,,,
0.607814,,,,,,,,,,,,,
0.51917,,,,,,,,,,,,,
0.438584,,,,,,,,,,,,,
0.471062,,,,,,,,,,,,,
0.46105,,,,,,,,,,,,,
0.514286,,,,,,,,,,,,,
0.653968,,,,,,,,,,,,,
0.671306,,,,,,,,,,,,,
0.732845,,,,,,,,,,,,,
0.711355,,,,,,,,,,,,,
0.702564,,,,,,,,,,,,,
0.747741,,,,,,,,,,,,,
0.783639,,,,,,,,,,,,,
0.847619,,,,,,,,,,,,,
0.841026,,,,,,,,,,,,,
0.669841,,,,,,,,,,,,,
0.381197,,,,,,,,,,,,,
0.115263,,,,,,,,,,,,,
0.162149,,,,,,,,,,,,,
0.263736,,,,,,,,,,,,,
0.457631,,,,,,,,,,,,,
0.455678,,,,,,,,,,,,,
0.361416,,,,,,,,,,,,,
0.181197,,,,,,,,,,,,,
0.167521,,,,,,,,,,,,,
0.33431,,,,,,,,,,,,,
0.579487,,,,,,,,,,,,,
0.605128,,,,,,,,,,,,,
0.518193,,,,,,,,,,,,,
0.495238,,,,,,,,,,,,,
0.3663,,,,,,,,,,,,,
0.333822,,,,,,,,,,,,,
0.47497,,,,,,,,,,,,,
0.725519,,,,,,,,,,,,,
0.735043,,,,,,,,,,,,,
0.733333,,,,,,,,,,,,,
0.758486,,,,,,,,,,,,,
0.704274,,,,,,,,,,,,,
0.604396,,,,,,,,,,,,,
0.598291,,,,,,,,,,,,,
0.647375,,,,,,,,,,,,,
0.557509,,,,,,,,,,,,,
0.563858,,,,,,,,,,,,,
0.697924,,,,,,,,,,,,,
0.759219,,,,,,,,,,,,,
0.728694,,,,,,,,,,,,,
0.650794,,,,,,,,,,,,,
0.652747,,,,,,,,,,,,,
0.548718,,,,,,,,,,,,,
0.451038,,,,,,,,,,,,,
0.259585,,,,,,,,,,,,,
0.43956,,,,,,,,,,,,,
0.750427,,,,,,,,,,,,,
0.860073,,,,,,,,,,,,,
0.810012,,,,,,,,,,,,,
0.79072,,,,,,,,,,,,,
0.825397,,,,,,,,,,,,,
0.883028,,,,,,,,,,,,,
0.966545,,,,,,,,,,,,,
0.863492,,,,,,,,,,,,,
0.737729,,,,,,,,,,,,,
0.666667,,,,,,,,,,,,,
0.7558,,,,,,,,,,,,,
0.785836,,,,,,,,,,,,,
0.577778,,,,,,,,,,,,,
0.338462,,,,,,,,,,,,,
0.178022,,,,,,,,,,,,,
0.254701,,,,,,,,,,,,,
0.342613,,,,,,,,,,,,,
0.41978,,,,,,,,,,,,,
0.415873,,,,,,,,,,,,,
0.350183,,,,,,,,,,,,,
0.402198,,,,,,,,,,,,,
0.449573,,,,,,,,,,,,,
0.480342,,,,,,,,,,,,,
0.38779,,,,,,,,,,,,,
0.345055,,,,,,,,,,,,,
0.333333,,,,,,,,,,,,,
0.305983,,,,,,,,,,,,,
0.279121,,,,,,,,,,,,,
0.421001,,,,,,,,,,,,,
0.568498,,,,,,,,,,,,,
0.654212,,,,,,,,,,,,,
0.510867,,,,,,,,,,,,,
0.204396,,,,,,,,,,,,,
0.106716,,,,,,,,,,,,,
0.270574,,,,,,,,,,,,,
0.487424,,,,,,,,,,,,,
0.541636,,,,,,,,,,,,,
0.49768,,,,,,,,,,,,,
0.442247,,,,,,,,,,,,,
0.314042,,,,,,,,,,,,,
0.353358,,,,,,,,,,,,,
0.396581,,,,,,,,,,,,,
0.337973,,,,,,,,,,,,,
0.337241,,,,,,,,,,,,,
0.433211,,,,,,,,,,,,,
0.466178,,,,,,,,,,,,,
0.462515,,,,,,,,,,,,,
0.479121,,,,,,,,,,,,,
0.327228,,,,,,,,,,,,,
0.116484,,,,,,,,,,,,,
0.049084,,,,,,,,,,,,,
0.197802,,,,,,,,,,,,,
0.342369,,,,,,,,,,,,,
0.431013,,,,,,,,,,,,,
0.464957,,,,,,,,,,,,,
0.399512,,,,,,,,,,,,,
0.319658,,,,,,,,,,,,,
0.352137,,,,,,,,,,,,,
0.399756,,,,,,,,,,,,,
0.461783,,,,,,,,,,,,,
0.529915,,,,,,,,,,,,,
0.500611,,,,,,,,,,,,,
0.527228,,,,,,,,,,,,,
0.543834,,,,,,,,,,,,,
0.669597,,,,,,,,,,,,,
0.775824,,,,,,,,,,,,,
0.713553,,,,,,,,,,,,,
0.582906,,,,,,,,,,,,,
0.471795,,,,,,,,,,,,,
0.581929,,,,,,,,,,,,,
0.863248,,,,,,,,,,,,,
0.842247,,,,,,,,,,,,,
0.682784,,,,,,,,,,,,,
0.559219,,,,,,,,,,,,,
0.450549,,,,,,,,,,,,,
0.361172,,,,,,,,,,,,,
0.343101,,,,,,,,,,,,,
0.409035,,,,,,,,,,,,,
0.418071,,,,,,,,,,,,,
0.470818,,,,,,,,,,,,,
0.462027,,,,,,,,,,,,,
0.399512,,,,,,,,,,,,,
0.302564,,,,,,,,,,,,,
0.2779,,,,,,,,,,,,,
0.276923,,,,,,,,,,,,,
0.236874,,,,,,,,,,,,,
0.198779,,,,,,,,,,,,,
0.287424,,,,,,,,,,,,,
0.428083,,,,,,,,,,,,,
0.501587,,,,,,,,,,,,,
0.539927,,,,,,,,,,,,,
0.547985,,,,,,,,,,,,,
0.601465,,,,,,,,,,,,,
0.599512,,,,,,,,,,,,,
0.646642,,,,,,,,,,,,,
0.715507,,,,,,,,,,,,,
0.772405,,,,,,,,,,,,,
0.847863,,,,,,,,,,,,,
0.969475,,,,,,,,,,,,,
1,,,,,,,,,,,,,
1,,,,,,,,,,,,,
0.812943,,,,,,,,,,,,,
0.678632,,,,,,,,,,,,,
0.652015,,,,,,,,,,,,,
0.721368,,,,,,,,,,,,,
0.734799,,,,,,,,,,,,,
0.662027,,,,,,,,,,,,,
0.618803,,,,,,,,,,,,,
0.675458,,,,,,,,,,,,,
0.714042,,,,,,,,,,,,,
0.769719,,,,,,,,,,,,,
0.838095,,,,,,,,,,,,,
0.886935,,,,,,,,,,,,,
0.773626,,,,,,,,,,,,,
0.522344,,,,,,,,,,,,,
0.321368,,,,,,,,,,,,,
0.333578,,,,,,,,,,,,,
0.440537,,,,,,,,,,,,,
0.450794,,,,,,,,,,,,,
0.347253,,,,,,,,,,,,,
0.238828,,,,,,,,,,,,,
0.255433,,,,,,,,,,,,,
0.4,,,,,,,,,,,,,
0.548962,,,,,,,,,,,,,
0.69768,,,,,,,,,,,,,
0.701343,,,,,,,,,,,,,
0.566056,,,,,,,,,,,,,
0.463004,,,,,,,,,,,,,
0.591697,,,,,,,,,,,,,
0.645421,,,,,,,,,,,,,
0.581929,,,,,,,,,,,,,
0.507204,,,,,,,,,,,,,
0.413919,,,,,,,,,,,,,
0.396581,,,,,,,,,,,,,
0.402686,,,,,,,,,,,,,
0.390476,,,,,,,,,,,,,
0.365079,,,,,,,,,,,,,
0.340904,,,,,,,,,,,,,
0.431258,,,,,,,,,,,,,
0.39072,,,,,,,,,,,,,
0.44591,,,,,,,,,,,,,
0.567277,,,,,,,,,,,,,
0.547985,,,,,,,,,,,,,
0.467888,,,,,,,,,,,,,
0.330647,,,,,,,,,,,,,
0.349695,,,,,,,,,,,,,
0.281807,,,,,,,,,,,,,
0.266667,,,,,,,,,,,,,
0.368498,,,,,,,,,,,,,
0.392674,,,,,,,,,,,,,
0.245421,,,,,,,,,,,,,
0.055678,,,,,,,,,,,,,
0.000733,,,,,,,,,,,,,
0.062759,,,,,,,,,,,,,
0.092308,,,,,,,,,,,,,
0.246154,,,,,,,,,,,,,
0.388523,,,,,,,,,,,,,
0.455922,,,,,,,,,,,,,
0.513797,,,,,,,,,,,,,
0.612698,,,,,,,,,,,,,
0.559707,,,,,,,,,,,,,
0.504029,,,,,,,,,,,,,
0.556288,,,,,,,,,,,,,
0.701099,,,,,,,,,,,,,
0.713309,,,,,,,,,,,,,
0.75873,,,,,,,,,,,,,
0.752137,,,,,,,,,,,,,
0.641026,,,,,,,,,,,,,
0.64127,,,,,,,,,,,,,
0.715507,,,,,,,,,,,,,
0.789499,,,,,,,,,,,,,
0.743834,,,,,,,,,,,,,
0.716728,,,,,,,,,,,,,
0.648107,,,,,,,,,,,,,
0.676923,,,,,,,,,,,,,
0.722589,,,,,,,,,,,,,
0.664713,,,,,,,,,,,,,
0.604884,,,,,,,,,,,,,
0.663004,,,,,,,,,,,,,
0.664957,,,,,,,,,,,,,
0.551404,,,,,,,,,,,,,
0.443956,,,,,,,,,,,,,
0.457875,,,,,,,,,,,,,
0.504274,,,,,,,,,,,,,
0.557265,,,,,,,,,,,,,
0.615629,,,,,,,,,,,,,
0.609524,,,,,,,,,,,,,
0.605372,,,,,,,,,,,,,
0.697924,,,,,,,,,,,,,
0.831014,,,,,,,,,,,,,
0.844445,,,,,,,,,,,,,
0.749939,,,,,,,,,,,,,
0.617582,,,,,,,,,,,,,
0.542613,,,,,,,,,,,,,
0.433944,,,,,,,,,,,,,
0.395849,,,,,,,,,,,,,
0.471307,,,,,,,,,,,,,
0.447131,,,,,,,,,,,,,
0.344078,,,,,,,,,,,,,
0.181929,,,,,,,,,,,,,
0.213431,,,,,,,,,,,,,
0.301832,,,,,,,,,,,,,
0.349939,,,,,,,,,,,,,
0.354335,,,,,,,,,,,,,
0.369719,,,,,,,,,,,,,
0.38022,,,,,,,,,,,,,
0.429304,,,,,,,,,,,,,
0.389744,,,,,,,,,,,,,
0.344567,,,,,,,,,,,,,
0.300366,,,,,,,,,,,,,
0.258852,,,,,,,,,,,,,
0.255189,,,,,,,,,,,,,
0.406349,,,,,,,,,,,,,
0.545788,,,,,,,,,,,,,
0.50989,,,,,,,,,,,,,
0.449573,,,,,,,,,,,,,
0.479365,,,,,,,,,,,,,
0.427839,,,,,,,,,,,,,
0.401221,,,,,,,,,,,,,
0.45348,,,,,,,,,,,,,
0.482051,,,,,,,,,,,,,
0.318437,,,,,,,,,,,,,
0.29768,,,,,,,,,,,,,
0.464469,,,,,,,,,,,,,
0.714774,,,,,,,,,,,,,
0.788767,,,,,,,,,,,,,
0.8337,,,,,,,,,,,,,
0.891331,,,,,,,,,,,,,
0.778755,,,,,,,,,,,,,
0.666178,,,,,,,,,,,,,
0.713309,,,,,,,,,,,,,
0.75409,,,,,,,,,,,,,
0.823199,,,,,,,,,,,,,
0.762393,,,,,,,,,,,,,
0.677411,,,,,,,,,,,,,
0.619536,,,,,,,,,,,,,
0.521856,,,,,,,,,,,,,
0.441758,,,,,,,,,,,,,
0.460073,,,,,,,,,,,,,
0.462515,,,,,,,,,,,,,
0.481075,,,,,,,,,,,,,
0.534799,,,,,,,,,,,,,
0.563858,,,,,,,,,,,,,
0.520391,,,,,,,,,,,,,
0.457143,,,,,,,,,,,,,
0.43199,,,,,,,,,,,,,
0.40464,,,,,,,,,,,,,
0.421001,,,,,,,,,,,,,
0.547741,,,,,,,,,,,,,
0.704274,,,,,,,,,,,,,
0.640781,,,,,,,,,,,,,
0.653236,,,,,,,,,,,,,
0.645177,,,,,,,,,,,,,
0.758486,,,,,,,,,,,,,
0.710379,,,,,,,,,,,,,
0.577289,,,,,,,,,,,,,
0.423687,,,,,,,,,,,,,
0.319658,,,,,,,,,,,,,
0.307692,,,,,,,,,,,,,
0.497436,,,,,,,,,,,,,
0.870818,,,,,,,,,,,,,
0.992186,,,,,,,,,,,,,
0.896948,,,,,,,,,,,,,
0.786081,,,,,,,,,,,,,
0.537729,,,,,,,,,,,,,
0.293285,,,,,,,,,,,,,
0.19707,,,,,,,,,,,,,
0.244444,,,,,,,,,,,,,
0.239805,,,,,,,,,,,,,
0.170208,,,,,,,,,,,,,
0.126496,,,,,,,,,,,,,
0.097192,,,,,,,,,,,,,
0.139438,,,,,,,,,,,,,
0.137973,,,,,,,,,,,,,
0.22906,,,,,,,,,,,,,
0.33602,,,,,,,,,,,,,
0.367033,,,,,,,,,,,,,
0.465201,,,,,,,,,,,,,
0.594383,,,,,,,,,,,,,
0.625641,,,,,,,,,,,,,
0.581685,,,,,,,,,,,,,
0.576801,,,,,,,,,,,,,
0.497436,,,,,,,,,,,,,
0.256166,,,,,,,,,,,,,
0.164347,,,,,,,,,,,,,
0.170208,,,,,,,,,,,,,
0.259829,,,,,,,,,,,,,
0.324298,,,,,,,,,,,,,
0.463248,,,,,,,,,,,,,
0.675702,,,,,,,,,,,,,
0.797558,,,,,,,,,,,,,
0.785836,,,,,,,,,,,,,
0.754335,,,,,,,,,,,,,
0.658364,,,,,,,,,,,,,
0.526496,,,,,,,,,,,,,
0.463004,,,,,,,,,,,,,
0.40293,,,,,,,,,,,,,
0.420269,,,,,,,,,,,,,
0.442491,,,,,,,,,,,,,
0.484005,,,,,,,,,,,,,
0.432723,,,,,,,,,,,,,
0.35409,,,,,,,,,,,,,
0.362637,,,,,,,,,,,,,
0.438095,,,,,,,,,,,,,
0.576801,,,,,,,,,,,,,
0.583639,,,,,,,,,,,,,
0.601465,,,,,,,,,,,,,
0.639072,,,,,,,,,,,,,
0.673504,,,,,,,,,,,,,
0.671306,,,,,,,,,,,,,
0.527717,,,,,,,,,,,,,
0.446642,,,,,,,,,,,,,
0.488401,,,,,,,,,,,,,
0.51746,,,,,,,,,,,,,
0.501099,,,,,,,,,,,,,
0.538706,,,,,,,,,,,,,
0.513553,,,,,,,,,,,,,
0.550672,,,,,,,,,,,,,
0.578755,,,,,,,,,,,,,
0.442491,,,,,,,,,,,,,
0.396337,,,,,,,,,,,,,
0.434676,,,,,,,,,,,,,
0.470818,,,,,,,,,,,,,
0.579976,,,,,,,,,,,,,
0.700366,,,,,,,,,,,,,
0.701343,,,,,,,,,,,,,
0.589011,,,,,,,,,,,,,
0.442735,,,,,,,,,,,,,
0.420024,,,,,,,,,,,,,
0.428571,,,,,,,,,,,,,
0.349451,,,,,,,,,,,,,
0.214652,,,,,,,,,,,,,
0.1663,,,,,,,,,,,,,
0.243712,,,,,,,,,,,,,
0.308669,,,,,,,,,,,,,
0.461783,,,,,,,,,,,,,
0.57094,,,,,,,,,,,,,
0.675458,,,,,,,,,,,,,
0.654945,,,,,,,,,,,,,
0.495727,,,,,,,,,,,,,
0.403663,,,,,,,,,,,,,
0.479365,,,,,,,,,,,,,
0.584127,,,,,,,,,,,,,
0.532357,,,,,,,,,,,,,
0.457631,,,,,,,,,,,,,
0.450794,,,,,,,,,,,,,
0.479854,,,,,,,,,,,,,
0.467888,,,,,,,,,,,,,
0.496459,,,,,,,,,,,,,
0.471307,,,,,,,,,,,,,
0.469109,,,,,,,,,,,,,
0.594383,,,,,,,,,,,,,
0.842979,,,,,,,,,,,,,
1,,,,,,,,,,,,,
1,,,,,,,,,,,,,
0.896703,,,,,,,,,,,,,
0.688645,,,,,,,,,,,,,
0.566545,,,,,,,,,,,,,
0.556288,,,,,,,,,,,,,
0.696215,,,,,,,,,,,,,
0.770696,,,,,,,,,,,,,
0.596093,,,,,,,,,,,,,
0.369963,,,,,,,,,,,,,
0.282784,,,,,,,,,,,,,
0.316484,,,,,,,,,,,,,
0.398779,,,,,,,,,,,,,
0.383639,,,,,,,,,,,,,
0.331136,,,,,,,,,,,,,
0.371184,,,,,,,,,,,,,
0.37265,,,,,,,,,,,,,
0.311111,,,,,,,,,,,,,
0.395849,,,,,,,,,,,,,
0.531624,,,,,,,,,,,,,
0.592918,,,,,,,,,,,,,
0.588278,,,,,,,,,,,,,
0.552137,,,,,,,,,,,,,
0.523077,,,,,,,,,,,,,
0.544322,,,,,,,,,,,,,
0.543346,,,,,,,,,,,,,
0.550427,,,,,,,,,,,,,
0.640781,,,,,,,,,,,,,
0.666911,,,,,,,,,,,,,
0.666911,,,,,,,,,,,,,
0.555311,,,,,,,,,,,,,
0.517705,,,,,,,,,,,,,
0.46569,,,,,,,,,,,,,
0.411722,,,,,,,,,,,,,
0.44884,,,,,,,,,,,,,
0.536508,,,,,,,,,,,,,
0.561661,,,,,,,,,,,,,
0.522833,,,,,,,,,,,,,
0.436142,,,,,,,,,,,,,
0.315507,,,,,,,,,,,,,
0.286691,,,,,,,,,,,,,
0.408303,,,,,,,,,,,,,
0.449328,,,,,,,,,,,,,
0.451282,,,,,,,,,,,,,
0.390232,,,,,,,,,,,,,
0.303785,,,,,,,,,,,,,
0.325519,,,,,,,,,,,,,
0.474481,,,,,,,,,,,,,
0.441026,,,,,,,,,,,,,
0.354579,,,,,,,,,,,,,
0.341636,,,,,,,,,,,,,
0.398291,,,,,,,,,,,,,
0.267643,,,,,,,,,,,,,
0.1663,,,,,,,,,,,,,
0.133822,,,,,,,,,,,,,
0.184371,,,,,,,,,,,,,
0.317216,,,,,,,,,,,,,
0.49304,,,,,,,,,,,,,
0.535287,,,,,,,,,,,,,
0.440049,,,,,,,,,,,,,
0.375092,,,,,,,,,,,,,
0.552381,,,,,,,,,,,,,
0.694261,,,,,,,,,,,,,
0.747497,,,,,,,,,,,,,
0.729915,,,,,,,,,,,,,
0.756532,,,,,,,,,,,,,
0.746276,,,,,,,,,,,,,
0.674725,,,,,,,,,,,,,
0.662027,,,,,,,,,,,,,
0.628083,,,,,,,,,,,,,
0.615629,,,,,,,,,,,,,
0.586813,,,,,,,,,,,,,
0.589744,,,,,,,,,,,,,
0.505006,,,,,,,,,,,,,
0.401709,,,,,,,,,,,,,
0.450305,,,,,,,,,,,,,
0.515263,,,,,,,,,,,,,
0.556288,,,,,,,,,,,,,
0.49304,,,,,,,,,,,,,
0.55116,,,,,,,,,,,,,
0.572161,,,,,,,,,,,,,
0.557021,,,,,,,,,,,,,
0.544567,,,,,,,,,,,,,
0.403175,,,,,,,,,,,,,
0.223443,,,,,,,,,,,,,
0.203419,,,,,,,,,,,,,
0.331136,,,,,,,,,,,,,
0.548474,,,,,,,,,,,,,
0.59707,,,,,,,,,,,,,
0.492552,,,,,,,,,,,,,
0.408791,,,,,,,,,,,,,
0.452991,,,,,,,,,,,,,
0.596581,,,,,,,,,,,,,
0.682051,,,,,,,,,,,,,
0.625641,,,,,,,,,,,,,
0.691819,,,,,,,,,,,,,
0.768254,,,,,,,,,,,,,
0.72674,,,,,,,,,,,,,
0.620513,,,,,,,,,,,,,
0.459096,,,,,,,,,,,,,
0.321856,,,,,,,,,,,,,
0.325031,,,,,,,,,,,,,
0.2779,,,,,,,,,,,,,
0.255922,,,,,,,,,,,,,
0.260317,,,,,,,,,,,,,
0.255922,,,,,,,,,,,,,
0.289622,,,,,,,,,,,,,
0.433944,,,,,,,,,,,,,
0.513065,,,,,,,,,,,,,
0.536508,,,,,,,,,,,,,
0.582418,,,,,,,,,,,,,
0.62735,,,,,,,,,,,,,
0.322589,,,,,,,,,,,,,
0.060562,,,,,,,,,,,,,
0.051038,,,,,,,,,,,,,
0.11746,,,,,,,,,,,,,
0.124054,,,,,,,,,,,,,
0.305495,,,,,,,,,,,,,
0.353114,,,,,,,,,,,,,
0.300611,,,,,,,,,,,,,
0.308181,,,,,,,,,,,,,
0.364103,,,,,,,,,,,,,
0.460073,,,,,,,,,,,,,
0.673016,,,,,,,,,,,,,
0.759951,,,,,,,,,,,,,
0.607082,,,,,,,,,,,,,
0.524542,,,,,,,,,,,,,
0.549451,,,,,,,,,,,,,
0.722589,,,,,,,,,,,,,
0.855434,,,,,,,,,,,,,
0.751648,,,,,,,,,,,,,
0.623687,,,,,,,,,,,,,
0.559951,,,,,,,,,,,,,
0.707204,,,,,,,,,,,,,
0.750427,,,,,,,,,,,,,
0.670818,,,,,,,,,,,,,
0.607082,,,,,,,,,,,,,
0.561661,,,,,,,,,,,,,
0.704029,,,,,,,,,,,,,
0.776068,,,,,,,,,,,,,
0.697924,,,,,,,,,,,,,
0.569963,,,,,,,,,,,,,
0.501099,,,,,,,,,,,,,
0.352869,,,,,,,,,,,,,
0.284737,,,,,,,,,,,,,
0.29768,,,,,,,,,,,,,
0.37265,,,,,,,,,,,,,
0.579731,,,,,,,,,,,,,
0.744078,,,,,,,,,,,,,
0.715507,,,,,,,,,,,,,
0.628571,,,,,,,,,,,,,
0.631502,,,,,,,,,,,,,
0.743834,,,,,,,,,,,,,
0.846398,,,,,,,,,,,,,
0.740904,,,,,,,,,,,,,
0.630037,,,,,,,,,,,,,
0.488645,,,,,,,,,,,,,
0.336508,,,,,,,,,,,,,
0.323321,,,,,,,,,,,,,
0.472039,,,,,,,,,,,,,
0.521123,,,,,,,,,,,,,
0.388767,,,,,,,,,,,,,
0.392674,,,,,,,,,,,,,
0.372894,,,,,,,,,,,,,
0.439072,,,,,,,,,,,,,
0.526252,,,,,,,,,,,,,
0.636142,,,,,,,,,,,,,
0.67619,,,,,,,,,,,,,
0.62149,,,,,,,,,,,,,
0.443468,,,,,,,,,,,,,
0.290354,,,,,,,,,,,,,
0.120391,,,,,,,,,,,,,
0.051526,,,,,,,,,,,,,
0.035165,,,,,,,,,,,,,
0.244689,,,,,,,,,,,,,
0.550916,,,,,,,,,,,,,
0.79707,,,,,,,,,,,,,
0.818071,,,,,,,,,,,,,
0.760928,,,,,,,,,,,,,
0.519414,,,,,,,,,,,,,
0.330647,,,,,,,,,,,,,
0.318926,,,,,,,,,,,,,
0.420024,,,,,,,,,,,,,
0.477412,,,,,,,,,,,,,
0.519658,,,,,,,,,,,,,
0.448596,,,,,,,,,,,,,
0.259829,,,,,,,,,,,,,
0.165079,,,,,,,,,,,,,
0.116239,,,,,,,,,,,,,
0.332112,,,,,,,,,,,,,
0.627106,,,,,,,,,,,,,
0.711844,,,,,,,,,,,,,
0.627839,,,,,,,,,,,,,
0.566056,,,,,,,,,,,,,
0.500855,,,,,,,,,,,,,
0.605617,,,,,,,,,,,,,
0.658852,,,,,,,,,,,,,
0.632967,,,,,,,,,,,,,
0.483517,,,,,,,,,,,,,
0.408059,,,,,,,,,,,,,
0.357998,,,,,,,,,,,,,
0.361905,,,,,,,,,,,,,
0.449328,,,,,,,,,,,,,
0.538217,,,,,,,,,,,,,
0.567766,,,,,,,,,,,,,
0.512332,,,,,,,,,,,,,
0.511111,,,,,,,,,,,,,
0.54188,,,,,,,,,,,,,
0.679609,,,,,,,,,,,,,
0.771673,,,,,,,,,,,,,
0.702076,,,,,,,,,,,,,
0.550183,,,,,,,,,,,,,
0.540171,,,,,,,,,,,,,
0.642002,,,,,,,,,,,,,
0.662759,,,,,,,,,,,,,
0.676435,,,,,,,,,,,,,
0.678632,,,,,,,,,,,,,
0.688156,,,,,,,,,,,,,
0.647619,,,,,,,,,,,,,
0.678388,,,,,,,,,,,,,
0.557509,,,,,,,,,,,,,
0.494017,,,,,,,,,,,,,
0.547253,,,,,,,,,,,,,
0.645177,,,,,,,,,,,,,
0.639316,,,,,,,,,,,,,
0.603907,,,,,,,,,,,,,
0.551893,,,,,,,,,,,,,
0.5558,,,,,,,,,,,,,
0.607082,,,,,,,,,,,,,
0.556288,,,,,,,,,,,,,
0.415629,,,,,,,,,,,,,
0.242247,,,,,,,,,,,,,
0.212698,,,,,,,,,,,,,
0.303297,,,,,,,,,,,,,
0.31917,,,,,,,,,,,,,
0.257875,,,,,,,,,,,,,
0.271062,,,,,,,,,,,,,
0.253968,,,,,,,,,,,,,
0.199756,,,,,,,,,,,,,
0.127717,,,,,,,,,,,,,
0.199756,,,,,,,,,,,,,
0.332601,,,,,,,,,,,,,
0.416606,,,,,,,,,,,,,
0.383394,,,,,,,,,,,,,
0.332112,,,,,,,,,,,,,
0.38022,,,,,,,,,,,,,
0.364347,,,,,,,,,,,,,
0.420513,,,,,,,,,,,,,
0.516972,,,,,,,,,,,,,
0.517705,,,,,,,,,,,,,
0.490843,,,,,,,,,,,,,
0.391453,,,,,,,,,,,,,
0.399756,,,,,,,,,,,,,
0.417094,,,,,,,,,,,,,
0.532357,,,,,,,,,,,,,
0.594383,,,,,,,,,,,,,
0.648596,,,,,,,,,,,,,
0.867155,,,,,,,,,,,,,
0.864713,,,,,,,,,,,,,
0.686935,,,,,,,,,,,,,
0.451526,,,,,,,,,,,,,
0.288889,,,,,,,,,,,,,
0.21221,,,,,,,,,,,,,
0.255922,,,,,,,,,,,,,
0.367033,,,,,,,,,,,,,
0.50989,,,,,,,,,,,,,
0.648107,,,,,,,,,,,,,
0.690598,,,,,,,,,,,,,
0.678144,,,,,,,,,,,,,
0.608059,,,,,,,,,,,,,
0.579243,,,,,,,,,,,,,
0.536752,,,,,,,,,,,,,
0.598046,,,,,,,,,,,,,
0.596581,,,,,,,,,,,,,
0.564835,,,,,,,,,,,,,
0.563858,,,,,,,,,,,,,
0.688645,,,,,,,,,,,,,
0.705983,,,,,,,,,,,,,
0.528938,,,,,,,,,,,,,
0.294506,,,,,,,,,,,,,
0.211966,,,,,,,,,,,,,
0.233455,,,,,,,,,,,,,
0.38779,,,,,,,,,,,,,
0.582906,,,,,,,,,,,,,
0.559463,,,,,,,,,,,,,
0.453724,,,,,,,,,,,,,
0.345543,,,,,,,,,,,,,
0.364835,,,,,,,,,,,,,
0.386325,,,,,,,,,,,,,
0.468132,,,,,,,,,,,,,
0.421978,,,,,,,,,,,,,
0.294994,,,,,,,,,,,,,
0.132357,,,,,,,,,,,,,
0.083761,,,,,,,,,,,,,
0.219048,,,,,,,,,,,,,
0.253236,,,,,,,,,,,,,
0.214896,,,,,,,,,,,,,
0.177778,,,,,,,,,,,,,
0.147009,,,,,,,,,,,,,
0.278877,,,,,,,,,,,,,
0.375092,,,,,,,,,,,,,
0.335531,,,,,,,,,,,,,
0.34823,,,,,,,,,,,,,
0.412698,,,,,,,,,,,,,
0.472039,,,,,,,,,,,,,
0.497192,,,,,,,,,,,,,
0.514042,,,,,,,,,,,,,
0.432723,,,,,,,,,,,,,
0.348718,,,,,,,,,,,,,
0.232479,,,,,,,,,,,,,
0.372405,,,,,,,,,,,,,
0.517949,,,,,,,,,,,,,
0.493529,,,,,,,,,,,,,
0.465446,,,,,,,,,,,,,
0.393162,,,,,,,,,,,,,
0.341148,,,,,,,,,,,,,
0.366056,,,,,,,,,,,,,
0.379976,,,,,,,,,,,,,
0.326007,,,,,,,,,,,,,
0.311844,,,,,,,,,,,,,
0.346032,,,,,,,,,,,,,
0.513553,,,,,,,,,,,,,
0.632723,,,,,,,,,,,,,
0.706227,,,,,,,,,,,,,
0.70232,,,,,,,,,,,,,
0.577045,,,,,,,,,,,,,
0.615385,,,,,,,,,,,,,
0.643468,,,,,,,,,,,,,
0.59243,,,,,,,,,,,,,
0.631502,,,,,,,,,,,,,
0.812943,,,,,,,,,,,,,
0.976068,,,,,,,,,,,,,
0.895238,,,,,,,,,,,,,
0.866667,,,,,,,,,,,,,
0.676435,,,,,,,,,,,,,
0.501587,,,,,,,,,,,,,
0.524786,,,,,,,,,,,,,
0.59707,,,,,,,,,,,,,
0.657143,,,,,,,,,,,,,
0.667643,,,,,,,,,,,,,
0.556288,,,,,,,,,,,,,
0.514042,,,,,,,,,,,,,
0.523321,,,,,,,,,,,,,
0.687668,,,,,,,,,,,,,
0.720635,,,,,,,,,,,,,
0.691087,,,,,,,,,,,,,
0.645177,,,,,,,,,,,,,
0.656654,,,,,,,,,,,,,
0.585836,,,,,,,,,,,,,
0.569719,,,,,,,,,,,,,
0.491819,,,,,,,,,,,,,
0.568254,,,,,,,,,,,,,
0.623199,,,,,,,,,,,,,
0.593162,,,,,,,,,,,,,
0.426374,,,,,,,,,,,,,
0.325275,,,,,,,,,,,,,
0.369963,,,,,,,,,,,,,
0.426374,,,,,,,,,,,,,
0.420757,,,,,,,,,,,,,
0.422222,,,,,,,,,,,,,
0.329426,,,,,,,,,,,,,
0.149939,,,,,,,,,,,,,
0.126007,,,,,,,,,,,,,
0.196581,,,,,,,,,,,,,
0.144811,,,,,,,,,,,,,
0.087668,,,,,,,,,,,,,
0.047619,,,,,,,,,,,,,
0.173382,,,,,,,,,,,,,
0.486935,,,,,,,,,,,,,
0.747985,,,,,,,,,,,,,
0.734554,,,,,,,,,,,,,
0.534799,,,,,,,,,,,,,
0.416606,,,,,,,,,,,,,
0.402442,,,,,,,,,,,,,
0.482296,,,,,,,,,,,,,
0.448596,,,,,,,,,,,,,
0.410745,,,,,,,,,,,,,
0.447619,,,,,,,,,,,,,
0.465446,,,,,,,,,,,,,
0.480586,,,,,,,,,,,,,
0.482784,,,,,,,,,,,,,
0.572405,,,,,,,,,,,,,
0.739438,,,,,,,,,,,,,
0.900611,,,,,,,,,,,,,
0.796581,,,,,,,,,,,,,
0.800488,,,,,,,,,,,,,
0.851771,,,,,,,,,,,,,
0.794383,,,,,,,,,,,,,
0.613431,,,,,,,,,,,,,
0.449328,,,,,,,,,,,,,
0.315995,,,,,,,,,,,,,
0.339927,,,,,,,,,,,,,
0.378999,,,,,,,,,,,,,
0.539683,,,,,,,,,,,,,
0.782662,,,,,,,,,,,,,
0.865446,,,,,,,,,,,,,
0.906227,,,,,,,,,,,,,
0.941148,,,,,,,,,,,,,
0.809768,,,,,,,,,,,,,
0.523321,,,,,,,,,,,,,
0.404884,,,,,,,,,,,,,
0.399756,,,,,,,,,,,,,
0.420269,,,,,,,,,,,,,
0.357509,,,,,,,,,,,,,
0.297924,,,,,,,,,,,,,
0.292064,,,,,,,,,,,,,
0.415385,,,,,,,,,,,,,
0.603175,,,,,,,,,,,,,
0.640781,,,,,,,,,,,,,
0.483761,,,,,,,,,,,,,
0.370452,,,,,,,,,,,,,
0.399756,,,,,,,,,,,,,
0.527961,,,,,,,,,,,,,
0.630037,,,,,,,,,,,,,
0.706471,,,,,,,,,,,,,
0.672527,,,,,,,,,,,,,
0.587057,,,,,,,,,,,,,
0.516239,,,,,,,,,,,,,
0.505006,,,,,,,,,,,,,
0.642979,,,,,,,,,,,,,
0.700611,,,,,,,,,,,,,
0.739683,,,,,,,,,,,,,
0.707692,,,,,,,,,,,,,
0.593407,,,,,,,,,,,,,
0.410501,,,,,,,,,,,,,
0.401465,,,,,,,,,,,,,
0.430281,,,,,,,,,,,,,
0.313797,,,,,,,,,,,,,
0.186813,,,,,,,,,,,,,
0.126252,,,,,,,,,,,,,
0.133822,,,,,,,,,,,,,
0.217338,,,,,,,,,,,,,
0.178999,,,,,,,,,,,,,
0.222955,,,,,,,,,,,,,
0.393407,,,,,,,,,,,,,
0.54652,,,,,,,,,,,,,
0.649573,,,,,,,,,,,,,
0.559707,,,,,,,,,,,,,
0.44884,,,,,,,,,,,,,
0.492552,,,,,,,,,,,,,
0.536752,,,,,,,,,,,,,
0.40464,,,,,,,,,,,,,
0.372894,,,,,,,,,,,,,
0.375092,,,,,,,,,,,,,
0.363126,,,,,,,,,,,,,
0.415629,,,,,,,,,,,,,
0.493285,,,,,,,,,,,,,
0.647131,,,,,,,,,,,,,
0.785104,,,,,,,,,,,,,
0.837119,,,,,,,,,,,,,
0.685714,,,,,,,,,,,,,
0.553358,,,,,,,,,,,,,
0.450794,,,,,,,,,,,,,
0.440781,,,,,,,,,,,,,
0.621978,,,,,,,,,,,,,
0.685714,,,,,,,,,,,,,
0.694261,,,,,,,,,,,,,
0.530403,,,,,,,,,,,,,
0.393162,,,,,,,,,,,,,
0.245665,,,,,,,,,,,,,
0.284737,,,,,,,,,,,,,
0.52967,,,,,,,,,,,,,
0.547009,,,,,,,,,,,,,
0.567521,,,,,,,,,,,,,
0.527961,,,,,,,,,,,,,
0.401954,,,,,,,,,,,,,
0.3116,,,,,,,,,,,,,
0.387302,,,,,,,,,,,,,
0.388523,,,,,,,,,,,,,
0.460073,,,,,,,,,,,,,
0.431502,,,,,,,,,,,,,
0.354823,,,,,,,,,,,,,
0.30696,,,,,,,,,,,,,
0.284249,,,,,,,,,,,,,
0.3558,,,,,,,,,,,,,
0.399023,,,,,,,,,,,,,
0.399756,,,,,,,,,,,,,
0.330159,,,,,,,,,,,,,
0.252015,,,,,,,,,,,,,
0.286691,,,,,,,,,,,,,
0.430037,,,,,,,,,,,,,
0.657387,,,,,,,,,,,,,
0.725763,,,,,,,,,,,,,
0.541148,,,,,,,,,,,,,
0.258608,,,,,,,,,,,,,
0.136752,,,,,,,,,,,,,
0.263004,,,,,,,,,,,,,
0.263248,,,,,,,,,,,,,
0.302808,,,,,,,,,,,,,
0.291575,,,,,,,,,,,,,
0.141148,,,,,,,,,,,,,
0.000977,,,,,,,,,,,,,
0.000977,,,,,,,,,,,,,
0.041026,,,,,,,,,,,,,
0.180708,,,,,,,,,,,,,
0.441026,,,,,,,,,,,,,
0.470086,,,,,,,,,,,,,
0.353358,,,,,,,,,,,,,
0.382418,,,,,,,,,,,,,
0.40757,,,,,,,,,,,,,
0.330403,,,,,,,,,,,,,
0.249328,,,,,,,,,,,,,
0.172405,,,,,,,,,,,,,
0.150183,,,,,,,,,,,,,
0.250794,,,,,,,,,,,,,
0.420024,,,,,,,,,,,,,
0.637851,,,,,,,,,,,,,
0.697192,,,,,,,,,,,,,
0.725031,,,,,,,,,,,,,
0.622466,,,,,,,,,,,,,
0.527473,,,,,,,,,,,,,
0.544078,,,,,,,,,,,,,
0.495238,,,,,,,,,,,,,
0.616361,,,,,,,,,,,,,
0.736752,,,,,,,,,,,,,
0.779976,,,,,,,,,,,,,
0.662271,,,,,,,,,,,,,
0.442979,,,,,,,,,,,,,
0.401954,,,,,,,,,,,,,
0.460317,,,,,,,,,,,,,
0.565812,,,,,,,,,,,,,
0.640781,,,,,,,,,,,,,
0.641026,,,,,,,,,,,,,
0.630525,,,,,,,,,,,,,
0.666667,,,,,,,,,,,,,
0.615873,,,,,,,,,,,,,
0.593407,,,,,,,,,,,,,
0.479609,,,,,,,,,,,,,
0.413919,,,,,,,,,,,,,
0.418315,,,,,,,,,,,,,
0.550427,,,,,,,,,,,,,
0.623199,,,,,,,,,,,,,
0.623932,,,,,,,,,,,,,
0.518437,,,,,,,,,,,,,
0.483272,,,,,,,,,,,,,
0.57094,,,,,,,,,,,,,
0.780952,,,,,,,,,,,,,
0.982906,,,,,,,,,,,,,
0.928205,,,,,,,,,,,,,
0.810012,,,,,,,,,,,,,
0.761661,,,,,,,,,,,,,
0.687668,,,,,,,,,,,,,
0.555556,,,,,,,,,,,,,
0.427595,,,,,,,,,,,,,
0.378999,,,,,,,,,,,,,
0.396337,,,,,,,,,,,,,
0.415873,,,,,,,,,,,,,
0.470574,,,,,,,,,,,,,
0.504518,,,,,,,,,,,,,
0.444933,,,,,,,,,,,,,
0.41221,,,,,,,,,,,,,
0.38779,,,,,,,,,,,,,
0.328449,,,,,,,,,,,,,
0.287668,,,,,,,,,,,,,
0.222466,,,,,,,,,,,,,
0.172405,,,,,,,,,,,,,
0.26569,,,,,,,,,,,,,
0.449084,,,,,,,,,,,,,
0.533333,,,,,,,,,,,,,
0.431258,,,,,,,,,,,,,
0.370452,,,,,,,,,,,,,
0.332357,,,,,,,,,,,,,
0.349939,,,,,,,,,,,,,
0.493529,,,,,,,,,,,,,
0.507937,,,,,,,,,,,,,
0.387546,,,,,,,,,,,,,
0.281807,,,,,,,,,,,,,
0.14652,,,,,,,,,,,,,
0.149939,,,,,,,,,,,,,
0.38486,,,,,,,,,,,,,
0.621734,,,,,,,,,,,,,
0.507937,,,,,,,,,,,,,
0.275214,,,,,,,,,,,,,
0.110867,,,,,,,,,,,,,
0.176313,,,,,,,,,,,,,
0.310867,,,,,,,,,,,,,
0.501099,,,,,,,,,,,,,
0.564103,,,,,,,,,,,,,
0.525031,,,,,,,,,,,,,
0.533333,,,,,,,,,,,,,
0.651282,,,,,,,,,,,,,
0.658364,,,,,,,,,,,,,
0.569719,,,,,,,,,,,,,
0.534799,,,,,,,,,,,,,
0.560684,,,,,,,,,,,,,
0.673748,,,,,,,,,,,,,
0.715507,,,,,,,,,,,,,
0.774847,,,,,,,,,,,,,
0.733089,,,,,,,,,,,,,
0.673016,,,,,,,,,,,,,
0.682296,,,,,,,,,,,,,
0.598535,,,,,,,,,,,,,
0.375824,,,,,,,,,,,,,
0.36337,,,,,,,,,,,,,
0.428327,,,,,,,,,,,,,
0.629792,,,,,,,,,,,,,
0.641026,,,,,,,,,,,,,
0.607326,,,,,,,,,,,,,
0.54652,,,,,,,,,,,,,
0.414652,,,,,,,,,,,,,
0.368742,,,,,,,,,,,,,
0.327473,,,,,,,,,,,,,
0.442002,,,,,,,,,,,,,
0.575824,,,,,,,,,,,,,
0.613919,,,,,,,,,,,,,
0.506471,,,,,,,,,,,,,
0.461538,,,,,,,,,,,,,
0.391697,,,,,,,,,,,,,
0.435165,,,,,,,,,,,,,
0.44591,,,,,,,,,,,,,
0.417094,,,,,,,,,,,,,
0.444689,,,,,,,,,,,,,
0.436386,,,,,,,,,,,,,
0.279609,,,,,,,,,,,,,
0.256654,,,,,,,,,,,,,
0.387302,,,,,,,,,,,,,
0.486447,,,,,,,,,,,,,
0.487668,,,,,,,,,,,,,
0.576068,,,,,,,,,,,,,
0.698413,,,,,,,,,,,,,
0.681563,,,,,,,,,,,,,
0.532357,,,,,,,,,,,,,
0.328938,,,,,,,,,,,,,
0.254212,,,,,,,,,,,,,
0.269597,,,,,,,,,,,,,
0.237118,,,,,,,,,,,,,
0.273993,,,,,,,,,,,,,
0.326252,,,,,,,,,,,,,
0.322344,,,,,,,,,,,,,
0.210256,,,,,,,,,,,,,
0.150183,,,,,,,,,,,,,
0.326252,,,,,,,,,,,,,
0.428816,,,,,,,,,,,,,
0.377778,,,,,,,,,,,,,
0.267888,,,,,,,,,,,,,
0.25177,,,,,,,,,,,,,
0.355067,,,,,,,,,,,,,
0.51917,,,,,,,,,,,,,
0.736752,,,,,,,,,,,,,
0.71453,,,,,,,,,,,,,
0.596825,,,,,,,,,,,,,
0.51917,,,,,,,,,,,,,
0.675946,,,,,,,,,,,,,
0.785348,,,,,,,,,,,,,
0.838584,,,,,,,,,,,,,
0.814408,,,,,,,,,,,,,
0.719414,,,,,,,,,,,,,
0.728694,,,,,,,,,,,,,
0.606593,,,,,,,,,,,,,
0.549206,,,,,,,,,,,,,
0.631502,,,,,,,,,,,,,
0.681319,,,,,,,,,,,,,
0.671551,,,,,,,,,,,,,
0.660317,,,,,,,,,,,,,
0.552869,,,,,,,,,,,,,
0.465446,,,,,,,,,,,,,
0.490598,,,,,,,,,,,,,
0.536752,,,,,,,,,,,,,
0.49475,,,,,,,,,,,,,
0.42906,,,,,,,,,,,,,
0.439316,,,,,,,,,,,,,
0.50989,,,,,,,,,,,,,
0.683272,,,,,,,,,,,,,
0.808791,,,,,,,,,,,,,
0.828083,,,,,,,,,,,,,
0.696215,,,,,,,,,,,,,
0.523565,,,,,,,,,,,,,
0.458852,,,,,,,,,,,,,
0.536996,,,,,,,,,,,,,
0.630037,,,,,,,,,,,,,
0.701832,,,,,,,,,,,,,
0.651038,,,,,,,,,,,,,
0.613675,,,,,,,,,,,,,
0.61685,,,,,,,,,,,,,
0.668864,,,,,,,,,,,,,
0.737729,,,,,,,,,,,,,
0.66105,,,,,,,,,,,,,
0.520147,,,,,,,,,,,,,
0.48254,,,,,,,,,,,,,
0.397558,,,,,,,,,,,,,
0.320635,,,,,,,,,,,,,
0.246154,,,,,,,,,,,,,
0.196825,,,,,,,,,,,,,
0.206593,,,,,,,,,,,,,
0.161172,,,,,,,,,,,,,
0.222711,,,,,,,,,,,,,
0.318193,,,,,,,,,,,,,
0.50696,,,,,,,,,,,,,
0.42442,,,,,,,,,,,,,
0.27326,,,,,,,,,,,,,
0.193407,,,,,,,,,,,,,
0.326984,,,,,,,,,,,,,
0.369475,,,,,,,,,,,,,
0.272772,,,,,,,,,,,,,
0.322589,,,,,,,,,,,,,
0.420513,,,,,,,,,,,,,
0.547985,,,,,,,,,,,,,
0.827106,,,,,,,,,,,,,
0.914774,,,,,,,,,,,,,
0.69939,,,,,,,,,,,,,
0.413187,,,,,,,,,,,,,
0.169719,,,,,,,,,,,,,
0.210501,,,,,,,,,,,,,
0.440049,,,,,,,,,,,,,
0.594628,,,,,,,,,,,,,
0.768254,,,,,,,,,,,,,
0.921368,,,,,,,,,,,,,
1,,,,,,,,,,,,,
0.961172,,,,,,,,,,,,,
0.792918,,,,,,,,,,,,,
0.601221,,,,,,,,,,,,,
0.403419,,,,,,,,,,,,,
0.279365,,,,,,,,,,,,,
0.267155,,,,,,,,,,,,,
0.374115,,,,,,,,,,,,,
0.504029,,,,,,,,,,,,,
0.54359,,,,,,,,,,,,,
0.592674,,,,,,,,,,,,,
0.583639,,,,,,,,,,,,,
0.57094,,,,,,,,,,,,,
0.512576,,,,,,,,,,,,,
0.393651,,,,,,,,,,,,,
0.324542,,,,,,,,,,,,,
0.390232,,,,,,,,,,,,,
0.544078,,,,,,,,,,,,,
0.739927,,,,,,,,,,,,,
0.771184,,,,,,,,,,,,,
0.745299,,,,,,,,,,,,,
0.648107,,,,,,,,,,,,,
0.580708,,,,,,,,,,,,,
0.515751,,,,,,,,,,,,,
0.390476,,,,,,,,,,,,,
0.339683,,,,,,,,,,,,,
0.398779,,,,,,,,,,,,,
0.435897,,,,,,,,,,,,,
0.50525,,,,,,,,,,,,,
0.608547,,,,,,,,,,,,,
0.734066,,,,,,,,,,,,,
0.707204,,,,,,,,,,,,,
0.50696,,,,,,,,,,,,,
0.341148,,,,,,,,,,,,,
0.177534,,,,,,,,,,,,,
0.232723,,,,,,,,,,,,,
0.355067,,,,,,,,,,,,,
0.532357,,,,,,,,,,,,,
0.534554,,,,,,,,,,,,,
0.354579,,,,,,,,,,,,,
0.128205,,,,,,,,,,,,,
0.001221,,,,,,,,,,,,,
0.051282,,,,,,,,,,,,,
0.2442,,,,,,,,,,,,,
0.392674,,,,,,,,,,,,,
0.49939,,,,,,,,,,,,,
0.49011,,,,,,,,,,,,,
0.356532,,,,,,,,,,,,,
0.286935,,,,,,,,,,,,,
0.350916,,,,,,,,,,,,,
0.310379,,,,,,,,,,,,,
0.400244,,,,,,,,,,,,,
0.530647,,,,,,,,,,,,,
0.527717,,,,,,,,,,,,,
0.378755,,,,,,,,,,,,,
0.372405,,,,,,,,,,,,,
0.465934,,,,,,,,,,,,,
0.620757,,,,,,,,,,,,,
0.826374,,,,,,,,,,,,,
0.866423,,,,,,,,,,,,,
0.870818,,,,,,,,,,,,,
0.842491,,,,,,,,,,,,,
0.794383,,,,,,,,,,,,,
0.649084,,,,,,,,,,,,,
0.556777,,,,,,,,,,,,,
0.516484,,,,,,,,,,,,,
0.620757,,,,,,,,,,,,,
0.661538,,,,,,,,,,,,,
0.728694,,,,,,,,,,,,,
0.772894,,,,,,,,,,,,,
0.746032,,,,,,,,,,,,,
0.6779,,,,,,,,,,,,,
0.586813,,,,,,,,,,,,,
0.589499,,,,,,,,,,,,,
0.563126,,,,,,,,,,,,,
0.558974,,,,,,,,,,,,,
0.508425,,,,,,,,,,,,,
0.483272,,,,,,,,,,,,,
0.435165,,,,,,,,,,,,,
0.396581,,,,,,,,,,,,,
0.388523,,,,,,,,,,,,,
0.480098,,,,,,,,,,,,,
0.493773,,,,,,,,,,,,,
0.537729,,,,,,,,,,,,,
0.513309,,,,,,,,,,,,,
0.466422,,,,,,,,,,,,,
0.418559,,,,,,,,,,,,,
0.38315,,,,,,,,,,,,,
0.308913,,,,,,,,,,,,,
0.3558,,,,,,,,,,,,,
0.368987,,,,,,,,,,,,,
0.45177,,,,,,,,,,,,,
0.56337,,,,,,,,,,,,,
0.683028,,,,,,,,,,,,,
0.781441,,,,,,,,,,,,,
0.789255,,,,,,,,,,,,,
0.820513,,,,,,,,,,,,,
0.796093,,,,,,,,,,,,,
0.727473,,,,,,,,,,,,,
0.516239,,,,,,,,,,,,,
0.267155,,,,,,,,,,,,,
0.188523,,,,,,,,,,,,,
0.116972,,,,,,,,,,,,,
0.147009,,,,,,,,,,,,,
0.212454,,,,,,,,,,,,,
0.232234,,,,,,,,,,,,,
0.208059,,,,,,,,,,,,,
0.312088,,,,,,,,,,,,,
0.459585,,,,,,,,,,,,,
0.580952,,,,,,,,,,,,,
0.628327,,,,,,,,,,,,,
0.620513,,,,,,,,,,,,,
0.53138,,,,,,,,,,,,,
0.486203,,,,,,,,,,,,,
0.538706,,,,,,,,,,,,,
0.445177,,,,,,,,,,,,,
0.354335,,,,,,,,,,,,,
0.336752,,,,,,,,,,,,,
0.400244,,,,,,,,,,,,,
0.324298,,,,,,,,,,,,,
0.256654,,,,,,,,,,,,,
0.210012,,,,,,,,,,,,,
0.326252,,,,,,,,,,,,,
0.395604,,,,,,,,,,,,,
0.494994,,,,,,,,,,,,,
0.635897,,,,,,,,,,,,,
0.749451,,,,,,,,,,,,,
0.65177,,,,,,,,,,,,,
0.532112,,,,,,,,,,,,,
0.414896,,,,,,,,,,,,,
0.310134,,,,,,,,,,,,,
0.362637,,,,,,,,,,,,,
0.465201,,,,,,,,,,,,,
0.614408,,,,,,,,,,,,,
0.748474,,,,,,,,,,,,,
0.824664,,,,,,,,,,,,,
0.643223,,,,,,,,,,,,,
0.476679,,,,,,,,,,,,,
0.399512,,,,,,,,,,,,,
0.389011,,,,,,,,,,,,,
0.552625,,,,,,,,,,,,,
0.731624,,,,,,,,,,,,,
0.803907,,,,,,,,,,,,,
0.621978,,,,,,,,,,,,,
0.386081,,,,,,,,,,,,,
0.196093,,,,,,,,,,,,,
0.237607,,,,,,,,,,,,,
0.417338,,,,,,,,,,,,,
0.539438,,,,,,,,,,,,,
0.659829,,,,,,,,,,,,,
0.602198,,,,,,,,,,,,,
0.467643,,,,,,,,,,,,,
0.584615,,,,,,,,,,,,,
0.700855,,,,,,,,,,,,,
0.622466,,,,,,,,,,,,,
0.59072,,,,,,,,,,,,,
0.655678,,,,,,,,,,,,,
0.710623,,,,,,,,,,,,,
0.616361,,,,,,,,,,,,,
0.387302,,,,,,,,,,,,,
0.159219,,,,,,,,,,,,,
0.109646,,,,,,,,,,,,,
0.205617,,,,,,,,,,,,,
0.451038,,,,,,,,,,,,,
0.621734,,,,,,,,,,,,,
0.524542,,,,,,,,,,,,,
0.305006,,,,,,,,,,,,,
0.241514,,,,,,,,,,,,,
0.362393,,,,,,,,,,,,,
0.41514,,,,,,,,,,,,,
0.43956,,,,,,,,,,,,,
0.230525,,,,,,,,,,,,,
0.074725,,,,,,,,,,,,,
0.067399,,,,,,,,,,,,,
0.046886,,,,,,,,,,,,,
0.117705,,,,,,,,,,,,,
0.222222,,,,,,,,,,,,,
0.375824,,,,,,,,,,,,,
0.582662,,,,,,,,,,,,,
0.608791,,,,,,,,,,,,,
0.371917,,,,,,,,,,,,,
0.198291,,,,,,,,,,,,,
0.18022,,,,,,,,,,,,,
0.274237,,,,,,,,,,,,,
0.430037,,,,,,,,,,,,,
0.582906,,,,,,,,,,,,,
0.627106,,,,,,,,,,,,,
0.697436,,,,,,,,,,,,,
0.776557,,,,,,,,,,,,,
0.837607,,,,,,,,,,,,,
0.900855,,,,,,,,,,,,,
0.858852,,,,,,,,,,,,,
0.726007,,,,,,,,,,,,,
0.683028,,,,,,,,,,,,,
0.668376,,,,,,,,,,,,,
0.66105,,,,,,,,,,,,,
0.755556,,,,,,,,,,,,,
0.669109,,,,,,,,,,,,,
0.42442,,,,,,,,,,,,,
0.40928,,,,,,,,,,,,,
0.578266,,,,,,,,,,,,,
0.72967,,,,,,,,,,,,,
0.748962,,,,,,,,,,,,,
0.787546,,,,,,,,,,,,,
0.737729,,,,,,,,,,,,,
0.590232,,,,,,,,,,,,,
0.298657,,,,,,,,,,,,,
0.211233,,,,,,,,,,,,,
0.270574,,,,,,,,,,,,,
0.440781,,,,,,,,,,,,,
0.511844,,,,,,,,,,,,,
0.618803,,,,,,,,,,,,,
0.716972,,,,,,,,,,,,,
0.676435,,,,,,,,,,,,,
0.590476,,,,,,,,,,,,,
0.487668,,,,,,,,,,,,,
0.537729,,,,,,,,,,,,,
0.759219,,,,,,,,,,,,,
0.781685,,,,,,,,,,,,,
0.779243,,,,,,,,,,,,,
0.78486,,,,,,,,,,,,,
0.633944,,,,,,,,,,,,,
0.491331,,,,,,,,,,,,,
0.455678,,,,,,,,,,,,,
0.440537,,,,,,,,,,,,,
0.397314,,,,,,,,,,,,,
0.283761,,,,,,,,,,,,,
0.182662,,,,,,,,,,,,,
0.236142,,,,,,,,,,,,,
0.391697,,,,,,,,,,,,,
0.51453,,,,,,,,,,,,,
0.430281,,,,,,,,,,,,,
0.224908,,,,,,,,,,,,,
0.178755,,,,,,,,,,,,,
0.303785,,,,,,,,,,,,,
0.421245,,,,,,,,,,,,,
0.498169,,,,,,,,,,,,,
0.752381,,,,,,,,,,,,,
0.686691,,,,,,,,,,,,,
0.475214,,,,,,,,,,,,,
0.431746,,,,,,,,,,,,,
0.501099,,,,,,,,,,,,,
0.644689,,,,,,,,,,,,,
0.762393,,,,,,,,,,,,,
0.800977,,,,,,,,,,,,,
0.722344,,,,,,,,,,,,,
0.679853,,,,,,,,,,,,,
0.700611,,,,,,,,,,,,,
0.718681,,,,,,,,,,,,,
0.707692,,,,,,,,,,,,,
0.53602,,,,,,,,,,,,,
0.425885,,,,,,,,,,,,,
0.45812,,,,,,,,,,,,,
0.555067,,,,,,,,,,,,,
0.612454,,,,,,,,,,,,,
0.592674,,,,,,,,,,,,,
0.645421,,,,,,,,,,,,,
0.683761,,,,,,,,,,,,,
0.620757,,,,,,,,,,,,,
0.842735,,,,,,,,,,,,,
1,,,,,,,,,,,,,
1,,,,,,,,,,,,,
0.88547,,,,,,,,,,,,,
0.688401,,,,,,,,,,,,,
0.392186,,,,,,,,,,,,,
0.22735,,,,,,,,,,,,,
0.340171,,,,,,,,,,,,,
0.588034,,,,,,,,,,,,,
0.724786,,,,,,,,,,,,,
0.701587,,,,,,,,,,,,,
0.617094,,,,,,,,,,,,,
0.482051,,,,,,,,,,,,,
0.408547,,,,,,,,,,,,,
0.464225,,,,,,,,,,,,,
0.499634,,,,,,,,,,,,,
0.469353,,,,,,,,,,,,,
0.364347,,,,,,,,,,,,,
0.372405,,,,,,,,,,,,,
0.483028,,,,,,,,,,,,,
0.621001,,,,,,,,,,,,,
0.807326,,,,,,,,,,,,,
0.771917,,,,,,,,,,,,,
0.759463,,,,,,,,,,,,,
0.666667,,,,,,,,,,,,,
0.598291,,,,,,,,,,,,,
0.480098,,,,,,,,,,,,,
0.456166,,,,,,,,,,,,,
0.429792,,,,,,,,,,,,,
0.382906,,,,,,,,,,,,,
0.378999,,,,,,,,,,,,,
0.332357,,,,,,,,,,,,,
0.314774,,,,,,,,,,,,,
0.393651,,,,,,,,,,,,,
0.428816,,,,,,,,,,,,,
0.397558,,,,,,,,,,,,,
0.296215,,,,,,,,,,,,,
0.00293,,,,,,,,,,,,,
0,,,,,,,,,,,,,
0.000488,,,,,,,,,,,,,
0.058364,,,,,,,,,,,,,
0.193651,,,,,,,,,,,,,
0.235653,,,,,,,,,,,,,
0.215629,,,,,,,,,,,,,
0.304762,,,,,,,,,,,,,
0.491087,,,,,,,,,,,,,
0.49768,,,,,,,,,,,,,
0.498413,,,,,,,,,,,,,
0.447619,,,,,,,,,,,,,
0.356044,,,,,,,,,,,,,
0.147985,,,,,,,,,,,,,
0.06862,,,,,,,,,,,,,
0.228327,,,,,,,,,,,,,
0.430037,,,,,,,,,,,,,
0.555067,,,,,,,,,,,,,
0.64884,,,,,,,,,,,,,
0.634921,,,,,,,,,,,,,
0.597802,,,,,,,,,,,,,
0.64884,,,,,,,,,,,,,
0.747985,,,,,,,,,,,,,
0.771429,,,,,,,,,,,,,
0.660562,,,,,,,,,,,,,
0.606105,,,,,,,,,,,,,
0.568987,,,,,,,,,,,,,
0.518681,,,,,,,,,,,,,
0.512821,,,,,,,,,,,,,
0.558242,,,,,,,,,,,,,
0.571429,,,,,,,,,,,,,
0.632967,,,,,,,,,,,,,
0.658852,,,,,,,,,,,,,
0.689866,,,,,,,,,,,,,
0.658852,,,,,,,,,,,,,
0.681807,,,,,,,,,,,,,
0.760195,,,,,,,,,,,,,
0.75409,,,,,,,,,,,,,
0.654457,,,,,,,,,,,,,
0.540415,,,,,,,,,,,,,
0.388767,,,,,,,,,,,,,
0.26398,,,,,,,,,,,,,
0.384127,,,,,,,,,,,,,
0.430769,,,,,,,,,,,,,
0.516484,,,,,,,,,,,,,
0.676923,,,,,,,,,,,,,
0.821001,,,,,,,,,,,,,
0.922344,,,,,,,,,,,,,
0.980952,,,,,,,,,,,,,
0.975824,,,,,,,,,,,,,
0.803419,,,,,,,,,,,,,
0.545299,,,,,,,,,,,,,
0.416606,,,,,,,,,,,,,
0.362393,,,,,,,,,,,,,
0.388278,,,,,,,,,,,,,
0.435409,,,,,,,,,,,,,
0.334066,,,,,,,,,,,,,
0.230525,,,,,,,,,,,,,
0.211477,,,,,,,,,,,,,
0.302564,,,,,,,,,,,,,
0.419048,,,,,,,,,,,,,
0.539927,,,,,,,,,,,,,
0.488645,,,,,,,,,,,,,
0.335531,,,,,,,,,,,,,
0.10232,,,,,,,,,,,,,
0.000488,,,,,,,,,,,,,
0.000733,,,,,,,,,,,,,
0.124054,,,,,,,,,,,,,
0.348962,,,,,,,,,,,,,
0.611966,,,,,,,,,,,,,
0.686447,,,,,,,,,,,,,
0.532112,,,,,,,,,,,,,
0.318926,,,,,,,,,,,,,
0.188523,,,,,,,,,,,,,
0.213675,,,,,,,,,,,,,
0.352381,,,,,,,,,,,,,
0.543101,,,,,,,,,,,,,
0.619536,,,,,,,,,,,,,
0.627839,,,,,,,,,,,,,
0.557265,,,,,,,,,,,,,
0.377778,,,,,,,,,,,,,
0.298901,,,,,,,,,,,,,
0.27326,,,,,,,,,,,,,
0.17558,,,,,,,,,,,,,
0.231013,,,,,,,,,,,,,
0.362393,,,,,,,,,,,,,
0.406349,,,,,,,,,,,,,
0.516484,,,,,,,,,,,,,
0.646154,,,,,,,,,,,,,
0.677167,,,,,,,,,,,,,
0.550916,,,,,,,,,,,,,
0.39536,,,,,,,,,,,,,
0.341392,,,,,,,,,,,,,
0.471795,,,,,,,,,,,,,
0.553114,,,,,,,,,,,,,
0.687668,,,,,,,,,,,,,
0.674237,,,,,,,,,,,,,
0.597802,,,,,,,,,,,,,
0.535775,,,,,,,,,,,,,
0.441514,,,,,,,,,,,,,
0.408791,,,,,,,,,,,,,
0.483028,,,,,,,,,,,,,
0.484005,,,,,,,,,,,,,
0.29011,,,,,,,,,,,,,
0.234921,,,,,,,,,,,,,
0.267155,,,,,,,,,,,,,
0.391209,,,,,,,,,,,,,
0.483028,,,,,,,,,,,,,
0.51917,,,,,,,,,,,,,
0.529426,,,,,,,,,,,,,
0.432723,,,,,,,,,,,,,
0.357021,,,,,,,,,,,,,
0.399023,,,,,,,,,,,,,
0.478388,,,,,,,,,,,,,
0.537729,,,,,,,,,,,,,
0.417582,,,,,,,,,,,,,
0.375092,,,,,,,,,,,,,
0.498657,,,,,,,,,,,,,
0.575092,,,,,,,,,,,,,
0.524786,,,,,,,,,,,,,
0.487668,,,,,,,,,,,,,
0.404151,,,,,,,,,,,,,
0.414164,,,,,,,,,,,,,
0.410989,,,,,,,,,,,,,
0.384127,,,,,,,,,,,,,
0.218315,,,,,,,,,,,,,
0.207814,,,,,,,,,,,,,
0.218559,,,,,,,,,,,,,
0.251038,,,,,,,,,,,,,
0.326984,,,,,,,,,,,,,
0.285958,,,,,,,,,,,,,
0.211233,,,,,,,,,,,,,
0.148474,,,,,,,,,,,,,
0.094261,,,,,,,,,,,,,
0.091819,,,,,,,,,,,,,
0.204396,,,,,,,,,,,,,
0.360195,,,,,,,,,,,,,
0.548474,,,,,,,,,,,,,
0.506716,,,,,,,,,,,,,
0.415385,,,,,,,,,,,,,
0.340171,,,,,,,,,,,,,
0.355067,,,,,,,,,,,,,
0.433211,,,,,,,,,,,,,
0.489133,,,,,,,,,,,,,
0.502564,,,,,,,,,,,,,
0.583639,,,,,,,,,,,,,
0.685226,,,,,,,,,,,,,
0.789499,,,,,,,,,,,,,
0.846642,,,,,,,,,,,,,
0.885714,,,,,,,,,,,,,
0.795849,,,,,,,,,,,,,
0.66105,,,,,,,,,,,,,
0.716484,,,,,,,,,,,,,
0.87497,,,,,,,,,,,,,
0.965079,,,,,,,,,,,,,
0.936508,,,,,,,,,,,,,
0.852747,,,,,,,,,,,,,
0.849084,,,,,,,,,,,,,
0.746276,,,,,,,,,,,,,
0.612454,,,,,,,,,,,,,
0.525031,,,,,,,,,,,,,
0.491087,,,,,,,,,,,,,
0.513065,,,,,,,,,,,,,
0.561172,,,,,,,,,,,,,
0.596581,,,,,,,,,,,,,
0.663736,,,,,,,,,,,,,
0.801221,,,,,,,,,,,,,
0.852503,,,,,,,,,,,,,
0.780952,,,,,,,,,,,,,
0.654701,,,,,,,,,,,,,
0.615873,,,,,,,,,,,,,
0.461294,,,,,,,,,,,,,
0.581197,,,,,,,,,,,,,
0.712088,,,,,,,,,,,,,
0.769719,,,,,,,,,,,,,
0.710134,,,,,,,,,,,,,
0.670574,,,,,,,,,,,,,
0.729915,,,,,,,,,,,,,
0.801709,,,,,,,,,,,,,
0.847375,,,,,,,,,,,,,
0.939683,,,,,,,,,,,,,
0.90525,,,,,,,,,,,,,
0.729426,,,,,,,,,,,,,
0.478877,,,,,,,,,,,,,
0.311111,,,,,,,,,,,,,
0.314774,,,,,,,,,,,,,
0.344567,,,,,,,,,,,,,
0.501832,,,,,,,,,,,,,
0.64591,,,,,,,,,,,,,
0.628816,,,,,,,,,,,,,
0.435165,,,,,,,,,,,,,
0.360684,,,,,,,,,,,,,
0.490843,,,,,,,,,,,,,
0.488401,,,,,,,,,,,,,
0.279121,,,,,,,,,,,,,
0.113797,,,,,,,,,,,,,
0.122589,,,,,,,,,,,,,
0.118926,,,,,,,,,,,,,
0.15873,,,,,,,,,,,,,
0.316972,,,,,,,,,,,,,
0.476435,,,,,,,,,,,,,
0.537729,,,,,,,,,,,,,
0.508913,,,,,,,,,,,,,
0.493285,,,,,,,,,,,,,
0.492552,,,,,,,,,,,,,
0.519658,,,,,,,,,,,,,
0.533822,,,,,,,,,,,,,
0.558974,,,,,,,,,,,,,
0.574603,,,,,,,,,,,,,
0.494017,,,,,,,,,,,,,
0.378022,,,,,,,,,,,,,
0.402442,,,,,,,,,,,,,
0.580952,,,,,,,,,,,,,
0.667155,,,,,,,,,,,,,
0.613919,,,,,,,,,,,,,
0.643712,,,,,,,,,,,,,
0.754823,,,,,,,,,,,,,
0.725519,,,,,,,,,,,,,
0.604151,,,,,,,,,,,,,
0.521856,,,,,,,,,,,,,
0.376801,,,,,,,,,,,,,
0.3221,,,,,,,,,,,,,
0.277411,,,,,,,,,,,,,
0.261783,,,,,,,,,,,,,
0.340415,,,,,,,,,,,,,
0.378999,,,,,,,,,,,,,
0.410501,,,,,,,,,,,,,
0.337241,,,,,,,,,,,,,
0.503053,,,,,,,,,,,,,
0.694017,,,,,,,,,,,,,
0.876679,,,,,,,,,,,,,
0.883761,,,,,,,,,,,,,
0.795604,,,,,,,,,,,,,
0.677411,,,,,,,,,,,,,
0.444689,,,,,,,,,,,,,
0.382906,,,,,,,,,,,,,
0.505983,,,,,,,,,,,,,
0.647375,,,,,,,,,,,,,
0.780464,,,,,,,,,,,,,
0.858608,,,,,,,,,,,,,
0.77558,,,,,,,,,,,,,
0.744078,,,,,,,,,,,,,
0.793407,,,,,,,,,,,,,
0.8,,,,,,,,,,,,,
0.690354,,,,,,,,,,,,,
0.560684,,,,,,,,,,,,,
0.317216,,,,,,,,,,,,,
0.087424,,,,,,,,,,,,,
0.015629,,,,,,,,,,,,,
0.136264,,,,,,,,,,,,,
0.392186,,,,,,,,,,,,,
0.521612,,,,,,,,,,,,,
0.401954,,,,,,,,,,,,,
0.188034,,,,,,,,,,,,,
0.096948,,,,,,,,,,,,,
0.200244,,,,,,,,,,,,,
0.411477,,,,,,,,,,,,,
0.448596,,,,,,,,,,,,,
0.360928,,,,,,,,,,,,,
0.250549,,,,,,,,,,,,,
0.213919,,,,,,,,,,,,,
0.237851,,,,,,,,,,,,,
0.262515,,,,,,,,,,,,,
0.155556,,,,,,,,,,,,,
0.234921,,,,,,,,,,,,,
0.423932,,,,,,,,,,,,,
0.501343,,,,,,,,,,,,,
0.542613,,,,,,,,,,,,,
0.519658,,,,,,,,,,,,,
0.504518,,,,,,,,,,,,,
0.542369,,,,,,,,,,,,,
0.51917,,,,,,,,,,,,,
0.440049,,,,,,,,,,,,,
0.364835,,,,,,,,,,,,,
0.254212,,,,,,,,,,,,,
0.118193,,,,,,,,,,,,,
0.189255,,,,,,,,,,,,,
0.458852,,,,,,,,,,,,,
0.709646,,,,,,,,,,,,,
0.689133,,,,,,,,,,,,,
0.581685,,,,,,,,,,,,,
0.471062,,,,,,,,,,,,,
0.491087,,,,,,,,,,,,,
0.615385,,,,,,,,,,,,,
0.647619,,,,,,,,,,,,,
0.616361,,,,,,,,,,,,,
0.457631,,,,,,,,,,,,,
0.300611,,,,,,,,,,,,,
0.298657,,,,,,,,,,,,,
0.432723,,,,,,,,,,,,,
0.509402,,,,,,,,,,,,,
0.543101,,,,,,,,,,,,,
0.610012,,,,,,,,,,,,,
0.731136,,,,,,,,,,,,,
0.947497,,,,,,,,,,,,,
0.943346,,,,,,,,,,,,,
0.814652,,,,,,,,,,,,,
0.664713,,,,,,,,,,,,,
0.556532,,,,,,,,,,,,,
0.436142,,,,,,,,,,,,,
0.364347,,,,,,,,,,,,,
0.379731,,,,,,,,,,,,,
0.436142,,,,,,,,,,,,,
0.484493,,,,,,,,,,,,,
0.525519,,,,,,,,,,,,,
0.585592,,,,,,,,,,,,,
0.554579,,,,,,,,,,,,,
0.540904,,,,,,,,,,,,,
0.549939,,,,,,,,,,,,,
0.597558,,,,,,,,,,,,,
0.643712,,,,,,,,,,,,,
0.617582,,,,,,,,,,,,,
0.455433,,,,,,,,,,,,,
0.365324,,,,,,,,,,,,,
0.337973,,,,,,,,,,,,,
0.275946,,,,,,,,,,,,,
0.283028,,,,,,,,,,,,,
0.275946,,,,,,,,,,,,,
0.389011,,,,,,,,,,,,,
0.487912,,,,,,,,,,,,,
0.573871,,,,,,,,,,,,,
0.649817,,,,,,,,,,,,,
0.760195,,,,,,,,,,,,,
0.808059,,,,,,,,,,,,,
0.77094,,,,,,,,,,,,,
0.654945,,,,,,,,,,,,,
0.508913,,,,,,,,,,,,,
0.370696,,,,,,,,,,,,,
0.306716,,,,,,,,,,,,,
0.248596,,,,,,,,,,,,,
0.239805,,,,,,,,,,,,,
0.257143,,,,,,,,,,,,,
0.260806,,,,,,,,,,,,,
0.30525,,,,,,,,,,,,,
0.464469,,,,,,,,,,,,,
0.611722,,,,,,,,,,,,,
0.683517,,,,,,,,,,,,,
0.690354,,,,,,,,,,,,,
0.605861,,,,,,,,,,,,,
0.48254,,,,,,,,,,,,,
0.455678,,,,,,,,,,,,,
0.479609,,,,,,,,,,,,,
0.515995,,,,,,,,,,,,,
0.457631,,,,,,,,,,,,,
0.447619,,,,,,,,,,,,,
0.405372,,,,,,,,,,,,,
0.361172,,,,,,,,,,,,,
0.392918,,,,,,,,,,,,,
0.404396,,,,,,,,,,,,,
0.483517,,,,,,,,,,,,,
0.630037,,,,,,,,,,,,,
0.768498,,,,,,,,,,,,,
0.803907,,,,,,,,,,,,,
0.780464,,,,,,,,,,,,,
0.800733,,,,,,,,,,,,,
0.856166,,,,,,,,,,,,,
0.902076,,,,,,,,,,,,,
0.862027,,,,,,,,,,,,,
0.721368,,,,,,,,,,,,,
0.501099,,,,,,,,,,,,,
0.305739,,,,,,,,,,,,,
0.304518,,,,,,,,,,,,,
0.415385,,,,,,,,,,,,,
0.530891,,,,,,,,,,,,,
0.591697,,,,,,,,,,,,,
0.594139,,,,,,,,,,,,,
0.650794,,,,,,,,,,,,,
0.770696,,,,,,,,,,,,,
0.879609,,,,,,,,,,,,,
0.769719,,,,,,,,,,,,,
0.504029,,,,,,,,,,,,,
0.419048,,,,,,,,,,,,,
0.433944,,,,,,,,,,,,,
0.477656,,,,,,,,,,,,,
0.645665,,,,,,,,,,,,,
0.712576,,,,,,,,,,,,,
0.659096,,,,,,,,,,,,,
0.561661,,,,,,,,,,,,,
0.506471,,,,,,,,,,,,,
0.548962,,,,,,,,,,,,,
0.668132,,,,,,,,,,,,,
0.641026,,,,,,,,,,,,,
0.488156,,,,,,,,,,,,,
0.433944,,,,,,,,,,,,,
0.370452,,,,,,,,,,,,,
0.352625,,,,,,,,,,,,,
0.359463,,,,,,,,,,,,,
0.401221,,,,,,,,,,,,,
0.431013,,,,,,,,,,,,,
0.367766,,,,,,,,,,,,,
0.321856,,,,,,,,,,,,,
0.367521,,,,,,,,,,,,,
0.414164,,,,,,,,,,,,,
0.38779,,,,,,,,,,,,,
0.306716,,,,,,,,,,,,,
0.213675,,,,,,,,,,,,,
0.144078,,,,,,,,,,,,,
0.059341,,,,,,,,,,,,,
0.136508,,,,,,,,,,,,,
0.264957,,,,,,,,,,,,,
0.294994,,,,,,,,,,,,,
0.412943,,,,,,,,,,,,,
0.514042,,,,,,,,,,,,,
0.665446,,,,,,,,,,,,,
0.740415,,,,,,,,,,,,,
0.702564,,,,,,,,,,,,,
0.593895,,,,,,,,,,,,,
0.537729,,,,,,,,,,,,,
0.457387,,,,,,,,,,,,,
0.356288,,,,,,,,,,,,,
0.398779,,,,,,,,,,,,,
0.50696,,,,,,,,,,,,,
0.615873,,,,,,,,,,,,,
0.629792,,,,,,,,,,,,,
0.606593,,,,,,,,,,,,,
0.664713,,,,,,,,,,,,,
0.808303,,,,,,,,,,,,,
0.744811,,,,,,,,,,,,,
0.549206,,,,,,,,,,,,,
0.380464,,,,,,,,,,,,,
0.343101,,,,,,,,,,,,,
0.536508,,,,,,,,,,,,,
0.733578,,,,,,,,,,,,,
0.810989,,,,,,,,,,,,,
0.767033,,,,,,,,,,,,,
0.532845,,,,,,,,,,,,,
0.242979,,,,,,,,,,,,,
0.174847,,,,,,,,,,,,,
0.196825,,,,,,,,,,,,,
0.304274,,,,,,,,,,,,,
0.370452,,,,,,,,,,,,,
0.459341,,,,,,,,,,,,,
0.501099,,,,,,,,,,,,,
0.463004,,,,,,,,,,,,,
0.402198,,,,,,,,,,,,,
0.439805,,,,,,,,,,,,,
0.545543,,,,,,,,,,,,,
0.653968,,,,,,,,,,,,,
0.820513,,,,,,,,,,,,,
0.934799,,,,,,,,,,,,,
0.909646,,,,,,,,,,,,,
0.865202,,,,,,,,,,,,,
0.864957,,,,,,,,,,,,,
0.679365,,,,,,,,,,,,,
0.507937,,,,,,,,,,,,,
0.438095,,,,,,,,,,,,,
0.500366,,,,,,,,,,,,,
0.576801,,,,,,,,,,,,,
0.752137,,,,,,,,,,,,,
0.87497,,,,,,,,,,,,,
0.940171,,,,,,,,,,,,,
0.768254,,,,,,,,,,,,,
0.516239,,,,,,,,,,,,,
0.391453,,,,,,,,,,,,,
0.434676,,,,,,,,,,,,,
0.444444,,,,,,,,,,,,,
0.367521,,,,,,,,,,,,,
0.263736,,,,,,,,,,,,,
0.105495,,,,,,,,,,,,,
0.006349,,,,,,,,,,,,,
0.087912,,,,,,,,,,,,,
0.324542,,,,,,,,,,,,,
0.475214,,,,,,,,,,,,,
0.469597,,,,,,,,,,,,,
0.4442,,,,,,,,,,,,,
0.492064,,,,,,,,,,,,,
0.510134,,,,,,,,,,,,,
0.52967,,,,,,,,,,,,,
0.572405,,,,,,,,,,,,,
0.688401,,,,,,,,,,,,,
0.705006,,,,,,,,,,,,,
0.663492,,,,,,,,,,,,,
0.694017,,,,,,,,,,,,,
0.692552,,,,,,,,,,,,,
0.615873,,,,,,,,,,,,,
0.591453,,,,,,,,,,,,,
0.528449,,,,,,,,,,,,,
0.602442,,,,,,,,,,,,,
0.733333,,,,,,,,,,,,,
0.792674,,,,,,,,,,,,,
0.608547,,,,,,,,,,,,,
0.525763,,,,,,,,,,,,,
0.501832,,,,,,,,,,,,,
0.560684,,,,,,,,,,,,,
0.595116,,,,,,,,,,,,,
0.697436,,,,,,,,,,,,,
0.702076,,,,,,,,,,,,,
0.485714,,,,,,,,,,,,,
0.394872,,,,,,,,,,,,,
0.40928,,,,,,,,,,,,,
0.441758,,,,,,,,,,,,,
0.416606,,,,,,,,,,,,,
0.4442,,,,,,,,,,,,,
0.356777,,,,,,,,,,,,,
0.344078,,,,,,,,,,,,,
0.353602,,,,,,,,,,,,,
0.410012,,,,,,,,,,,,,
0.391209,,,,,,,,,,,,,
0.407814,,,,,,,,,,,,,
0.586569,,,,,,,,,,,,,
0.748474,,,,,,,,,,,,,
0.770208,,,,,,,,,,,,,
0.67326,,,,,,,,,,,,,
0.621734,,,,,,,,,,,,,
0.608547,,,,,,,,,,,,,
0.68547,,,,,,,,,,,,,
0.760684,,,,,,,,,,,,,
0.744322,,,,,,,,,,,,,
0.70525,,,,,,,,,,,,,
0.582906,,,,,,,,,,,,,
0.453968,,,,,,,,,,,,,
0.335287,,,,,,,,,,,,,
0.399267,,,,,,,,,,,,,
0.537485,,,,,,,,,,,,,
0.61685,,,,,,,,,,,,,
0.675458,,,,,,,,,,,,,
0.588767,,,,,,,,,,,,,
0.386813,,,,,,,,,,,,,
0.297924,,,,,,,,,,,,,
0.332845,,,,,,,,,,,,,
0.372161,,,,,,,,,,,,,
0.448352,,,,,,,,,,,,,
0.427595,,,,,,,,,,,,,
0.348718,,,,,,,,,,,,,
0.35873,,,,,,,,,,,,,
0.332112,,,,,,,,,,,,,
0.398535,,,,,,,,,,,,,
0.38779,,,,,,,,,,,,,
0.410256,,,,,,,,,,,,,
0.372161,,,,,,,,,,,,,
0.42735,,,,,,,,,,,,,
0.442491,,,,,,,,,,,,,
0.533333,,,,,,,,,,,,,
0.700122,,,,,,,,,,,,,
0.695971,,,,,,,,,,,,,
0.376801,,,,,,,,,,,,,
0.234432,,,,,,,,,,,,,
0.297924,,,,,,,,,,,,,
0.274969,,,,,,,,,,,,,
0.252991,,,,,,,,,,,,,
0.245665,,,,,,,,,,,,,
0.447375,,,,,,,,,,,,,
0.601709,,,,,,,,,,,,,
0.687668,,,,,,,,,,,,,
0.682051,,,,,,,,,,,,,
0.74359,,,,,,,,,,,,,
0.803175,,,,,,,,,,,,,
0.794139,,,,,,,,,,,,,
0.743346,,,,,,,,,,,,,
0.756044,,,,,,,,,,,,,
0.689622,,,,,,,,,,,,,
0.64591,,,,,,,,,,,,,
0.559463,,,,,,,,,,,,,
0.559463,,,,,,,,,,,,,
0.66105,,,,,,,,,,,,,
0.723077,,,,,,,,,,,,,
0.721368,,,,,,,,,,,,,
0.669597,,,,,,,,,,,,,
0.612454,,,,,,,,,,,,,
0.568987,,,,,,,,,,,,,
0.463736,,,,,,,,,,,,,
0.305495,,,,,,,,,,,,,
0.267399,,,,,,,,,,,,,
0.31917,,,,,,,,,,,,,
0.378266,,,,,,,,,,,,,
0.377045,,,,,,,,,,,,,
0.359707,,,,,,,,,,,,,
0.383883,,,,,,,,,,,,,
0.569475,,,,,,,,,,,,,
0.693773,,,,,,,,,,,,,
0.69475,,,,,,,,,,,,,
0.788523,,,,,,,,,,,,,
0.75116,,,,,,,,,,,,,
0.560195,,,,,,,,,,,,,
0.462515,,,,,,,,,,,,,
0.532357,,,,,,,,,,,,,
0.607814,,,,,,,,,,,,,
0.596337,,,,,,,,,,,,,
0.481807,,,,,,,,,,,,,
0.444933,,,,,,,,,,,,,
0.380464,,,,,,,,,,,,,
0.394383,,,,,,,,,,,,,
0.551648,,,,,,,,,,,,,
0.547497,,,,,,,,,,,,,
0.471062,,,,,,,,,,,,,
0.272527,,,,,,,,,,,,,
0.134799,,,,,,,,,,,,,
0.170208,,,,,,,,,,,,,
0.301832,,,,,,,,,,,,,
0.368498,,,,,,,,,,,,,
0.3558,,,,,,,,,,,,,
0.387546,,,,,,,,,,,,,
0.550916,,,,,,,,,,,,,
0.750916,,,,,,,,,,,,,
0.688156,,,,,,,,,,,,,
0.589011,,,,,,,,,,,,,
0.564103,,,,,,,,,,,,,
0.467155,,,,,,,,,,,,,
0.407326,,,,,,,,,,,,,
0.248596,,,,,,,,,,,,,
0.234676,,,,,,,,,,,,,
0.388278,,,,,,,,,,,,,
0.522833,,,,,,,,,,,,,
0.532357,,,,,,,,,,,,,
0.670818,,,,,,,,,,,,,
0.747253,,,,,,,,,,,,,
0.714286,,,,,,,,,,,,,
0.616606,,,,,,,,,,,,,
0.686935,,,,,,,,,,,,,
0.788034,,,,,,,,,,,,,
0.72674,,,,,,,,,,,,,
0.59707,,,,,,,,,,,,,
0.645177,,,,,,,,,,,,,
0.627106,,,,,,,,,,,,,
0.599512,,,,,,,,,,,,,
0.498901,,,,,,,,,,,,,
0.44127,,,,,,,,,,,,,
0.501099,,,,,,,,,,,,,
0.544078,,,,,,,,,,,,,
0.576313,,,,,,,,,,,,,
0.517705,,,,,,,,,,,,,
0.490354,,,,,,,,,,,,,
0.443468,,,,,,,,,,,,,
0.413919,,,,,,,,,,,,,
0.365568,,,,,,,,,,,,,
0.336508,,,,,,,,,,,,,
0.329915,,,,,,,,,,,,,
0.320635,,,,,,,,,,,,,
0.327228,,,,,,,,,,,,,
0.329915,,,,,,,,,,,,,
0.312576,,,,,,,,,,,,,
0.265934,,,,,,,,,,,,,
0.302564,,,,,,,,,,,,,
0.361905,,,,,,,,,,,,,
0.441514,,,,,,,,,,,,,
0.513065,,,,,,,,,,,,,
0.6337,,,,,,,,,,,,,
0.729426,,,,,,,,,,,,,
0.762393,,,,,,,,,,,,,
0.70232,,,,,,,,,,,,,
0.629548,,,,,,,,,,,,,
0.61685,,,,,,,,,,,,,
0.672039,,,,,,,,,,,,,
0.660317,,,,,,,,,,,,,
0.756044,,,,,,,,,,,,,
0.907692,,,,,,,,,,,,,
0.915018,,,,,,,,,,,,,
0.733089,,,,,,,,,,,,,
0.410256,,,,,,,,,,,,,
0.167277,,,,,,,,,,,,,
0.217827,,,,,,,,,,,,,
0.48718,,,,,,,,,,,,,
0.642247,,,,,,,,,,,,,
0.689133,,,,,,,,,,,,,
0.572894,,,,,,,,,,,,,
0.500366,,,,,,,,,,,,,
0.336752,,,,,,,,,,,,,
0.228327,,,,,,,,,,,,,
0.217094,,,,,,,,,,,,,
0.156777,,,,,,,,,,,,,
0.134799,,,,,,,,,,,,,
0.159951,,,,,,,,,,,,,
0.253968,,,,,,,,,,,,,
0.32967,,,,,,,,,,,,,
0.44591,,,,,,,,,,,,,
0.416606,,,,,,,,,,,,,
0.44884,,,,,,,,,,,,,
0.545299,,,,,,,,,,,,,
0.66569,,,,,,,,,,,,,
0.76044,,,,,,,,,,,,,
0.715263,,,,,,,,,,,,,
0.570696,,,,,,,,,,,,,
0.55116,,,,,,,,,,,,,
0.581441,,,,,,,,,,,,,
0.600977,,,,,,,,,,,,,
0.691087,,,,,,,,,,,,,
0.783639,,,,,,,,,,,,,
0.80293,,,,,,,,,,,,,
0.773138,,,,,,,,,,,,,
0.667399,,,,,,,,,,,,,
0.489377,,,,,,,,,,,,,
0.427595,,,,,,,,,,,,,
0.319902,,,,,,,,,,,,,
0.309402,,,,,,,,,,,,,
0.454457,,,,,,,,,,,,,
0.421978,,,,,,,,,,,,,
0.342369,,,,,,,,,,,,,
0.289622,,,,,,,,,,,,,
0.313797,,,,,,,,,,,,,
0.317949,,,,,,,,,,,,,
0.311844,,,,,,,,,,,,,
0.27033,,,,,,,,,,,,,
0.247375,,,,,,,,,,,,,
0.247375,,,,,,,,,,,,,
0.416606,,,,,,,,,,,,,
0.655433,,,,,,,,,,,,,
0.682784,,,,,,,,,,,,,
0.707204,,,,,,,,,,,,,
0.699878,,,,,,,,,,,,,
0.766789,,,,,,,,,,,,,
0.831502,,,,,,,,,,,,,
0.834188,,,,,,,,,,,,,
0.787057,,,,,,,,,,,,,
0.752625,,,,,,,,,,,,,
0.701343,,,,,,,,,,,,,
0.720879,,,,,,,,,,,,,
0.771429,,,,,,,,,,,,,
0.762149,,,,,,,,,,,,,
0.577289,,,,,,,,,,,,,
0.391209,,,,,,,,,,,,,
0.360928,,,,,,,,,,,,,
0.383639,,,,,,,,,,,,,
0.430281,,,,,,,,,,,,,
0.346764,,,,,,,,,,,,,
0.340904,,,,,,,,,,,,,
0.418803,,,,,,,,,,,,,
0.290598,,,,,,,,,,,,,
0.011233,,,,,,,,,,,,,
0.000977,,,,,,,,,,,,,
0.025153,,,,,,,,,,,,,
0.083516,,,,,,,,,,,,,
0.16337,,,,,,,,,,,,,
0.282051,,,,,,,,,,,,,
0.345299,,,,,,,,,,,,,
0.368254,,,,,,,,,,,,,
0.428083,,,,,,,,,,,,,
0.601221,,,,,,,,,,,,,
0.809524,,,,,,,,,,,,,
0.902076,,,,,,,,,,,,,
0.812698,,,,,,,,,,,,,
0.613675,,,,,,,,,,,,,
0.501587,,,,,,,,,,,,,
0.516728,,,,,,,,,,,,,
0.638095,,,,,,,,,,,,,
0.716484,,,,,,,,,,,,,
0.718926,,,,,,,,,,,,,
0.6442,,,,,,,,,,,,,
0.640781,,,,,,,,,,,,,
0.696948,,,,,,,,,,,,,
0.635409,,,,,,,,,,,,,
0.501099,,,,,,,,,,,,,
0.512821,,,,,,,,,,,,,
0.565568,,,,,,,,,,,,,
0.489133,,,,,,,,,,,,,
0.419048,,,,,,,,,,,,,
0.395604,,,,,,,,,,,,,
0.432723,,,,,,,,,,,,,
0.511111,,,,,,,,,,,,,
0.559219,,,,,,,,,,,,,
0.48254,,,,,,,,,,,,,
0.467643,,,,,,,,,,,,,
0.452015,,,,,,,,,,,,,
0.474237,,,,,,,,,,,,,
0.418803,,,,,,,,,,,,,
0.304274,,,,,,,,,,,,,
0.320391,,,,,,,,,,,,,
0.457143,,,,,,,,,,,,,
0.536264,,,,,,,,,,,,,
0.525519,,,,,,,,,,,,,
0.49768,,,,,,,,,,,,,
0.518193,,,,,,,,,,,,,
0.54823,,,,,,,,,,,,,
0.501099,,,,,,,,,,,,,
0.385592,,,,,,,,,,,,,
0.39072,,,,,,,,,,,,,
0.371917,,,,,,,,,,,,,
0.306716,,,,,,,,,,,,,
0.366056,,,,,,,,,,,,,
0.45177,,,,,,,,,,,,,
0.532112,,,,,,,,,,,,,
0.530647,,,,,,,,,,,,,
0.512821,,,,,,,,,,,,,
0.5221,,,,,,,,,,,,,
0.571429,,,,,,,,,,,,,
0.535531,,,,,,,,,,,,,
0.495727,,,,,,,,,,,,,
0.519658,,,,,,,,,,,,,
0.463004,,,,,,,,,,,,,
0.370452,,,,,,,,,,,,,
0.405861,,,,,,,,,,,,,
0.505006,,,,,,,,,,,,,
0.486691,,,,,,,,,,,,,
0.398046,,,,,,,,,,,,,
0.354823,,,,,,,,,,,,,
0.416606,,,,,,,,,,,,,
0.381441,,,,,,,,,,,,,
0.344567,,,,,,,,,,,,,
0.382173,,,,,,,,,,,,,
0.443468,,,,,,,,,,,,,
0.435897,,,,,,,,,,,,,
0.325275,,,,,,,,,,,,,
0.304762,,,,,,,,,,,,,
0.249328,,,,,,,,,,,,,
0.176557,,,,,,,,,,,,,
0.240049,,,,,,,,,,,,,
0.478877,,,,,,,,,,,,,
0.581441,,,,,,,,,,,,,
0.545543,,,,,,,,,,,,,
0.539683,,,,,,,,,,,,,
0.588278,,,,,,,,,,,,,
0.662027,,,,,,,,,,,,,
0.694506,,,,,,,,,,,,,
0.686203,,,,,,,,,,,,,
0.607814,,,,,,,,,,,,,
0.575336,,,,,,,,,,,,,
0.540659,,,,,,,,,,,,,
0.605128,,,,,,,,,,,,,
0.699145,,,,,,,,,,,,,
0.74823,,,,,,,,,,,,,
0.789255,,,,,,,,,,,,,
0.784615,,,,,,,,,,,,,
0.622466,,,,,,,,,,,,,
0.481075,,,,,,,,,,,,,
0.290843,,,,,,,,,,,,,
0.289133,,,,,,,,,,,,,
0.409524,,,,,,,,,,,,,
0.495727,,,,,,,,,,,,,
0.446886,,,,,,,,,,,,,
0.384615,,,,,,,,,,,,,
0.349206,,,,,,,,,,,,,
0.274969,,,,,,,,,,,,,
0.264957,,,,,,,,,,,,,
0.318437,,,,,,,,,,,,,
0.323321,,,,,,,,,,,,,
0.393651,,,,,,,,,,,,,
0.504029,,,,,,,,,,,,,
0.580952,,,,,,,,,,,,,
0.661783,,,,,,,,,,,,,
0.707692,,,,,,,,,,,,,
0.686447,,,,,,,,,,,,,
0.664225,,,,,,,,,,,,,
0.6442,,,,,,,,,,,,,
0.673504,,,,,,,,,,,,,
0.658364,,,,,,,,,,,,,
0.605617,,,,,,,,,,,,,
0.620024,,,,,,,,,,,,,
0.687912,,,,,,,,,,,,,
0.63956,,,,,,,,,,,,,
0.610989,,,,,,,,,,,,,
0.615629,,,,,,,,,,,,,
0.640049,,,,,,,,,,,,,
0.684982,,,,,,,,,,,,,
0.761172,,,,,,,,,,,,,
0.686691,,,,,,,,,,,,,
0.540904,,,,,,,,,,,,,
0.460317,,,,,,,,,,,,,
0.410256,,,,,,,,,,,,,
0.374115,,,,,,,,,,,,,
0.294261,,,,,,,,,,,,,
0.271306,,,,,,,,,,,,,
0.320147,,,,,,,,,,,,,
0.409524,,,,,,,,,,,,,
0.448107,,,,,,,,,,,,,
0.480342,,,,,,,,,,,,,
0.481563,,,,,,,,,,,,,
0.435165,,,,,,,,,,,,,
0.391209,,,,,,,,,,,,,
0.39072,,,,,,,,,,,,,
0.472528,,,,,,,,,,,,,
0.577778,,,,,,,,,,,,,
0.653236,,,,,,,,,,,,,
0.680586,,,,,,,,,,,,,
0.715507,,,,,,,,,,,,,
0.692796,,,,,,,,,,,,,
0.593162,,,,,,,,,,,,,
0.492796,,,,,,,,,,,,,
0.425641,,,,,,,,,,,,,
0.418803,,,,,,,,,,,,,
0.501587,,,,,,,,,,,,,
0.489133,,,,,,,,,,,,,
0.412454,,,,,,,,,,,,,
0.425885,,,,,,,,,,,,,
0.59536,,,,,,,,,,,,,
0.652503,,,,,,,,,,,,,
0.525031,,,,,,,,,,,,,
0.322589,,,,,,,,,,,,,
0.387057,,,,,,,,,,,,,
0.567033,,,,,,,,,,,,,
0.705983,,,,,,,,,,,,,
0.678144,,,,,,,,,,,,,
0.500855,,,,,,,,,,,,,
0.332112,,,,,,,,,,,,,
0.304518,,,,,,,,,,,,,
0.354579,,,,,,,,,,,,,
0.414652,,,,,,,,,,,,,
0.479365,,,,,,,,,,,,,
0.517949,,,,,,,,,,,,,
0.510867,,,,,,,,,,,,,
0.45177,,,,,,,,,,,,,
0.486447,,,,,,,,,,,,,
0.54652,,,,,,,,,,,,,
0.516239,,,,,,,,,,,,,
0.526007,,,,,,,,,,,,,
0.633944,,,,,,,,,,,,,
0.683517,,,,,,,,,,,,,
0.493285,,,,,,,,,,,,,
0.260317,,,,,,,,,,,,,
0.24591,,,,,,,,,,,,,
0.366545,,,,,,,,,,,,,
0.450549,,,,,,,,,,,,,
0.463492,,,,,,,,,,,,,
0.430037,,,,,,,,,,,,,
0.299145,,,,,,,,,,,,,
0.23199,,,,,,,,,,,,,
0.267643,,,,,,,,,,,,,
0.422466,,,,,,,,,,,,,
0.447863,,,,,,,,,,,,,
0.564591,,,,,,,,,,,,,
0.703297,,,,,,,,,,,,,
0.780708,,,,,,,,,,,,,
0.684249,,,,,,,,,,,,,
0.528205,,,,,,,,,,,,,
0.360195,,,,,,,,,,,,,
0.225397,,,,,,,,,,,,,
0.22149,,,,,,,,,,,,,
0.165568,,,,,,,,,,,,,
0.189499,,,,,,,,,,,,,
0.283272,,,,,,,,,,,,,
0.323321,,,,,,,,,,,,,
0.254945,,,,,,,,,,,,,
0.240049,,,,,,,,,,,,,
0.279121,,,,,,,,,,,,,
0.454701,,,,,,,,,,,,,
0.553114,,,,,,,,,,,,,
0.622222,,,,,,,,,,,,,
0.589255,,,,,,,,,,,,,
0.625885,,,,,,,,,,,,,
0.638828,,,,,,,,,,,,,
0.659585,,,,,,,,,,,,,
0.746276,,,,,,,,,,,,,
0.814652,,,,,,,,,,,,,
0.801465,,,,,,,,,,,,,
0.775092,,,,,,,,,,,,,
0.715507,,,,,,,,,,,,,
0.557265,,,,,,,,,,,,,
0.394139,,,,,,,,,,,,,
0.409768,,,,,,,,,,,,,
0.425885,,,,,,,,,,,,,
0.406838,,,,,,,,,,,,,
0.49304,,,,,,,,,,,,,
0.587302,,,,,,,,,,,,,
0.610501,,,,,,,,,,,,,
0.539194,,,,,,,,,,,,,
0.449328,,,,,,,,,,,,,
0.388523,,,,,,,,,,,,,
0.285714,,,,,,,,,,,,,
0.352625,,,,,,,,,,,,,
0.344811,,,,,,,,,,,,,
0.307204,,,,,,,,,,,,,
0.468132,,,,,,,,,,,,,
0.647375,,,,,,,,,,,,,
0.755556,,,,,,,,,,,,,
0.710867,,,,,,,,,,,,,
0.691575,,,,,,,,,,,,,
0.663248,,,,,,,,,,,,,
0.644933,,,,,,,,,,,,,
0.557265,,,,,,,,,,,,,
0.597802,,,,,,,,,,,,,
0.648596,,,,,,,,,,,,,
0.736508,,,,,,,,,,,,,
0.680342,,,,,,,,,,,,,
0.549206,,,,,,,,,,,,,
0.405861,,,,,,,,,,,,,
0.467399,,,,,,,,,,,,,
0.557265,,,,,,,,,,,,,
0.599512,,,,,,,,,,,,,
0.620757,,,,,,,,,,,,,
0.57094,,,,,,,,,,,,,
0.421978,,,,,,,,,,,,,
0.291087,,,,,,,,,,,,,
0.362393,,,,,,,,,,,,,
0.435653,,,,,,,,,,,,,
0.549939,,,,,,,,,,,,,
0.540904,,,,,,,,,,,,,
0.386569,,,,,,,,,,,,,
0.307204,,,,,,,,,,,,,
0.391697,,,,,,,,,,,,,
0.378022,,,,,,,,,,,,,
0.299634,,,,,,,,,,,,,
0.359951,,,,,,,,,,,,,
0.463248,,,,,,,,,,,,,
0.503541,,,,,,,,,,,,,
0.542369,,,,,,,,,,,,,
0.512088,,,,,,,,,,,,,
0.500366,,,,,,,,,,,,,
0.568987,,,,,,,,,,,,,
0.710623,,,,,,,,,,,,,
0.71453,,,,,,,,,,,,,
0.702564,,,,,,,,,,,,,
0.61685,,,,,,,,,,,,,
0.575336,,,,,,,,,,,,,
0.57558,,,,,,,,,,,,,
0.445665,,,,,,,,,,,,,
0.492308,,,,,,,,,,,,,
0.561905,,,,,,,,,,,,,
0.684982,,,,,,,,,,,,,
0.592674,,,,,,,,,,,,,
0.535775,,,,,,,,,,,,,
0.603663,,,,,,,,,,,,,
0.636874,,,,,,,,,,,,,
0.556777,,,,,,,,,,,,,
0.354823,,,,,,,,,,,,,
0.316728,,,,,,,,,,,,,
0.338217,,,,,,,,,,,,,
0.280342,,,,,,,,,,,,,
0.210745,,,,,,,,,,,,,
0.28547,,,,,,,,,,,,,
0.478633,,,,,,,,,,,,,
0.647863,,,,,,,,,,,,,
0.634432,,,,,,,,,,,,,
0.450794,,,,,,,,,,,,,
0.378266,,,,,,,,,,,,,
0.521612,,,,,,,,,,,,,
0.723321,,,,,,,,,,,,,
0.727961,,,,,,,,,,,,,
0.602198,,,,,,,,,,,,,
0.422955,,,,,,,,,,,,,
0.305983,,,,,,,,,,,,,
0.312576,,,,,,,,,,,,,
0.382173,,,,,,,,,,,,,
0.563126,,,,,,,,,,,,,
0.622222,,,,,,,,,,,,,
0.586081,,,,,,,,,,,,,
0.627106,,,,,,,,,,,,,
0.582173,,,,,,,,,,,,,
0.507448,,,,,,,,,,,,,
0.47033,,,,,,,,,,,,,
0.573871,,,,,,,,,,,,,
0.718437,,,,,,,,,,,,,
0.687912,,,,,,,,,,,,,
0.551648,,,,,,,,,,,,,
0.428327,,,,,,,,,,,,,
0.422466,,,,,,,,,,,,,
0.493285,,,,,,,,,,,,,
0.638339,,,,,,,,,,,,,
0.625153,,,,,,,,,,,,,
0.5663,,,,,,,,,,,,,
0.500611,,,,,,,,,,,,,
0.556044,,,,,,,,,,,,,
0.498657,,,,,,,,,,,,,
0.541392,,,,,,,,,,,,,
0.679121,,,,,,,,,,,,,
0.791697,,,,,,,,,,,,,
0.708913,,,,,,,,,,,,,
0.442979,,,,,,,,,,,,,
0.287668,,,,,,,,,,,,,
0.236386,,,,,,,,,,,,,
0.264713,,,,,,,,,,,,,
0.302564,,,,,,,,,,,,,
0.344078,,,,,,,,,,,,,
0.283028,,,,,,,,,,,,,
0.340171,,,,,,,,,,,,,
0.388034,,,,,,,,,,,,,
0.431013,,,,,,,,,,,,,
0.513553,,,,,,,,,,,,,
0.643712,,,,,,,,,,,,,
0.617338,,,,,,,,,,,,,
0.470818,,,,,,,,,,,,,
0.482051,,,,,,,,,,,,,
0.511355,,,,,,,,,,,,,
0.614896,,,,,,,,,,,,,
0.701099,,,,,,,,,,,,,
0.724786,,,,,,,,,,,,,
0.663004,,,,,,,,,,,,,
0.545788,,,,,,,,,,,,,
0.439072,,,,,,,,,,,,,
0.340415,,,,,,,,,,,,,
0.36044,,,,,,,,,,,,,
0.464225,,,,,,,,,,,,,
0.635409,,,,,,,,,,,,,
0.782906,,,,,,,,,,,,,
0.720879,,,,,,,,,,,,,
0.662759,,,,,,,,,,,,,
0.608059,,,,,,,,,,,,,
0.587057,,,,,,,,,,,,,
0.568254,,,,,,,,,,,,,
0.547741,,,,,,,,,,,,,
0.496703,,,,,,,,,,,,,
0.398291,,,,,,,,,,,,,
0.364835,,,,,,,,,,,,,
0.393895,,,,,,,,,,,,,
0.460562,,,,,,,,,,,,,
0.50989,,,,,,,,,,,,,
0.549206,,,,,,,,,,,,,
0.600733,,,,,,,,,,,,,
0.62735,,,,,,,,,,,,,
0.562149,,,,,,,,,,,,,
0.437851,,,,,,,,,,,,,
0.333089,,,,,,,,,,,,,
0.510134,,,,,,,,,,,,,
0.829792,,,,,,,,,,,,,
0.86569,,,,,,,,,,,,,
0.665201,,,,,,,,,,,,,
0.562882,,,,,,,,,,,,,
0.588523,,,,,,,,,,,,,
0.619292,,,,,,,,,,,,,
0.576068,,,,,,,,,,,,,
0.495971,,,,,,,,,,,,,
0.451282,,,,,,,,,,,,,
0.438339,,,,,,,,,,,,,
0.333822,,,,,,,,,,,,,
0.15116,,,,,,,,,,,,,
0.115995,,,,,,,,,,,,,
0.147497,,,,,,,,,,,,,
0.293529,,,,,,,,,,,,,
0.438828,,,,,,,,,,,,,
0.398291,,,,,,,,,,,,,
0.264713,,,,,,,,,,,,,
0.258364,,,,,,,,,,,,,
0.370696,,,,,,,,,,,,,
0.357265,,,,,,,,,,,,,
0.393162,,,,,,,,,,,,,
0.40293,,,,,,,,,,,,,
0.327717,,,,,,,,,,,,,
0.330403,,,,,,,,,,,,,
0.369475,,,,,,,,,,,,,
0.402442,,,,,,,,,,,,,
0.498169,,,,,,,,,,,,,
0.548962,,,,,,,,,,,,,
0.486935,,,,,,,,,,,,,
0.48254,,,,,,,,,,,,,
0.577289,,,,,,,,,,,,,
0.57558,,,,,,,,,,,,,
0.598046,,,,,,,,,,,,,
0.733089,,,,,,,,,,,,,
0.841758,,,,,,,,,,,,,
0.84884,,,,,,,,,,,,,
0.769475,,,,,,,,,,,,,
0.700366,,,,,,,,,,,,,
0.649328,,,,,,,,,,,,,
0.60757,,,,,,,,,,,,,
0.544567,,,,,,,,,,,,,
0.440537,,,,,,,,,,,,,
0.35873,,,,,,,,,,,,,
0.292552,,,,,,,,,,,,,
0.39707,,,,,,,,,,,,,
0.505495,,,,,,,,,,,,,
0.516728,,,,,,,,,,,,,
0.533822,,,,,,,,,,,,,
0.558242,,,,,,,,,,,,,
0.617338,,,,,,,,,,,,,
0.614408,,,,,,,,,,,,,
0.674481,,,,,,,,,,,,,
0.743834,,,,,,,,,,,,,
0.708913,,,,,,,,,,,,,
0.57094,,,,,,,,,,,,,
0.452015,,,,,,,,,,,,,